Workbook

Sheet Sails
A1: ID | B1: Brand | C1: Type | D1: Size | E1: Year | F1: Luff | G1: Boom | H1: Battens | I1: Cams | J1: Weight | K1: Head | L1: Mast | M1: SDM/RDM
A2: =_xlfn.CONCAT(E2,"-",LEFT(B2,2),"-",SUBSTITUTE(C2," ",""),"-",D2) -> 2021-Se-Mach4-5 | B2: Severne | C2: Mach 4 | D2: 5 | E2: 2021 | F2: 400 | G2: 176 | H2: 7 | I2: 4 x RDM | J2: 4.25 | K2: FIXED | L2: SEVERNE 400/370 | M2: RDM or SDM
A3: =_xlfn.CONCAT(E3,"-",LEFT(B3,2),"-",SUBSTITUTE(C3," ",""),"-",D3) -> 2021-Se-Mach4-5.5 | B3: Severne | C3: Mach 4 | D3: 5.5 | E3: 2021 | F3: 411 | G3: 184 | H3: 7 | I3: 4 x RDM | J3: 4.45 | K3: FIXED | L3: SEVERNE 400 | M3: RDM or SDM
A4: =_xlfn.CONCAT(E4,"-",LEFT(B4,2),"-",SUBSTITUTE(C4," ",""),"-",D4) -> 2021-Se-Mach4-6.2 | B4: Severne | C4: Mach 4 | D4: 6.2 | E4: 2021 | F4: 433 | G4: 190 | H4: 7 | I4: 4 x RDM | J4: 4.65 | K4: FIXED | L4: SEVERNE 430 | M4: RDM or SDM
A5: =_xlfn.CONCAT(E5,"-",LEFT(B5,2),"-",SUBSTITUTE(C5," ",""),"-",D5) -> 2021-Se-Mach4-7 | B5: Severne | C5: Mach 4 | D5: 7 | E5: 2021 | F5: 461 | G5: 202 | H5: 7 | I5: 4 x SDM | J5: 5.15 | K5: FIXED | L5: SEVERNE 430 | M5: SDM
A6: =_xlfn.CONCAT(E6,"-",LEFT(B6,2),"-",SUBSTITUTE(C6," ",""),"-",D6) -> 2021-Se-Mach4-7.8 | B6: Severne | C6: Mach 4 | D6: 7.8 | E6: 2021 | F6: 488 | G6: 210 | H6: 7 | I6: 4 x SDM | J6: 5.45 | K6: FIXED | L6: SEVERNE 460 | M6: SDM
A7: =_xlfn.CONCAT(E7,"-",LEFT(B7,2),"-",SUBSTITUTE(C7," ",""),"-",D7) -> 2021-Se-Mach4-8.6 | B7: Severne | C7: Mach 4 | D7: 8.6 | E7: 2021 | F7: 518 | G7: 222 | H7: 7 | I7: 4 x SDM | J7: 5.75 | K7: FIXED | L7: SEVERNE 490 | M7: SDM
A8: =_xlfn.CONCAT(E8,"-",LEFT(B8,2),"-",SUBSTITUTE(C8," ",""),"-",D8) -> 2021-Se-Mach4-9.4 | B8: Severne | C8: Mach 4 | D8: 9.4 | E8: 2021 | F8: 518 | G8: 240 | H8: 7 | I8: 4 x SDM | J8: 6 | K8: FIXED | L8: SEVERNE 490 | M8: SDM
A9: =_xlfn.CONCAT(E9,"-",LEFT(B9,2),"-",SUBSTITUTE(C9," ",""),"-",D9) -> 2013-Si-SCR-5.5 | B9: Simmer Sails | C9: SCR | D9: 5.5 | E9: 2013 | F9: 417 | G9: 184 | H9: 7 | I9: 4 | K9: FIXED | L9: 400/19 | M9: SDM
A10: =_xlfn.CONCAT(E10,"-",LEFT(B10,2),"-",SUBSTITUTE(C10," ",""),"-",D10) -> 2013-Si-SCR-6.2 | B10: Simmer Sails | C10: SCR | D10: 6.2 | E10: 2013 | F10: 438 | G10: 193 | H10: 7 | I10: 4 | K10: FIXED | L10: 430/21 | M10: SDM
A11: =_xlfn.CONCAT(E11,"-",LEFT(B11,2),"-",SUBSTITUTE(C11," ",""),"-",D11) -> 2013-Si-SCR-7 | B11: Simmer Sails | C11: SCR | D11: 7 | E11: 2013 | F11: 465 | G11: 205 | H11: 8 | I11: 4 | K11: FIXED | L11: 460/25 | M11: SDM
A12: =_xlfn.CONCAT(E12,"-",LEFT(B12,2),"-",SUBSTITUTE(C12," ",""),"-",D12) -> 2013-Si-SCR-7.8 | B12: Simmer Sails | C12: SCR | D12: 7.8 | E12: 2013 | F12: 483 | G12: 217 | H12: 8 | I12: 4 | K12: FIXED | L12: 460/25 | M12: SDM
A13: =_xlfn.CONCAT(E13,"-",LEFT(B13,2),"-",SUBSTITUTE(C13," ",""),"-",D13) -> 2013-Si-SCR-8.6 | B13: Simmer Sails | C13: SCR | D13: 8.6 | E13: 2013 | F13: 507 | G13: 227 | H13: 8 | I13: 4 | K13: FIXED | L13: 490/29 | M13: SDM
A14: =_xlfn.CONCAT(E14,"-",LEFT(B14,2),"-",SUBSTITUTE(C14," ",""),"-",D14) -> 2013-Si-SCR-9.5 | B14: Simmer Sails | C14: SCR | D14: 9.5 | E14: 2013 | F14: 536 | G14: 243 | H14: 8 | I14: 4 | K14: FIXED | L14: 520/34 | M14: SDM

Sheet GPS_Validation
A1: ID | B1: Brand | C1: Type | D1: Size | E1: Year | F1: Class | G1: Sessions | I1: Temp Notes | K1: ID2 | P1: XMATCH | Q1: XLookUp "-1"
B2: Severne | C2: Mach 4 | D2: 5 | E2: 2021 | H2: <- Paste Data to validate to the left | K2: =_xlfn.CONCAT(E2,"-",LEFT(B2,2),"-",SUBSTITUTE(C2," ",""),"-",D2) -> 2021-Se-Mach4-5 | P2: =_xlfn.IFNA(_xlfn.XMATCH(K2,Sails!A:A),-1) -> 2 | Q2: =_xlfn.XLOOKUP(K2,Sails!A:A,Sails!A:A,,-1) -> 2021-Se-Mach4-5
B3: Severne | C3: Mach 4 | D3: 5.5 | E3: 2021 | H3: View result in formulas to the right -> | K3: =_xlfn.CONCAT(E3,"-",LEFT(B3,2),"-",SUBSTITUTE(C3," ",""),"-",D3) -> 2021-Se-Mach4-5.5 | P3: =_xlfn.IFNA(_xlfn.XMATCH(K3,Sails!A:A),-1) -> 3 | Q3: =_xlfn.XLOOKUP(K3,Sails!A:A,Sails!A:A,,-1) -> 2021-Se-Mach4-5.5
B4: Severne | C4: Mach 4 | D4: 6.2 | E4: 2021 | K4: =_xlfn.CONCAT(E4,"-",LEFT(B4,2),"-",SUBSTITUTE(C4," ",""),"-",D4) -> 2021-Se-Mach4-6.2 | P4: =_xlfn.IFNA(_xlfn.XMATCH(K4,Sails!A:A),-1) -> 4 | Q4: =_xlfn.XLOOKUP(K4,Sails!A:A,Sails!A:A,,-1) -> 2021-Se-Mach4-6.2
B5: Severne | C5: Mach 4 | D5: 7 | E5: 2021 | K5: =_xlfn.CONCAT(E5,"-",LEFT(B5,2),"-",SUBSTITUTE(C5," ",""),"-",D5) -> 2021-Se-Mach4-7 | P5: =_xlfn.IFNA(_xlfn.XMATCH(K5,Sails!A:A),-1) -> 5 | Q5: =_xlfn.XLOOKUP(K5,Sails!A:A,Sails!A:A,,-1) -> 2021-Se-Mach4-7
B6: Severne | C6: Mach 4 | D6: 7.8 | E6: 2021 | K6: =_xlfn.CONCAT(E6,"-",LEFT(B6,2),"-",SUBSTITUTE(C6," ",""),"-",D6) -> 2021-Se-Mach4-7.8 | P6: =_xlfn.IFNA(_xlfn.XMATCH(K6,Sails!A:A),-1) -> 6 | Q6: =_xlfn.XLOOKUP(K6,Sails!A:A,Sails!A:A,,-1) -> 2021-Se-Mach4-7.8
B7: Severne | C7: Mach 4 | D7: 8.6 | E7: 2021 | K7: =_xlfn.CONCAT(E7,"-",LEFT(B7,2),"-",SUBSTITUTE(C7," ",""),"-",D7) -> 2021-Se-Mach4-8.6 | P7: =_xlfn.IFNA(_xlfn.XMATCH(K7,Sails!A:A),-1) -> 7 | Q7: =_xlfn.XLOOKUP(K7,Sails!A:A,Sails!A:A,,-1) -> 2021-Se-Mach4-8.6
B8: Severne | C8: Mach 4 | D8: 9.4 | E8: 2021 | K8: =_xlfn.CONCAT(E8,"-",LEFT(B8,2),"-",SUBSTITUTE(C8," ",""),"-",D8) -> 2021-Se-Mach4-9.4 | P8: =_xlfn.IFNA(_xlfn.XMATCH(K8,Sails!A:A),-1) -> 8 | Q8: =_xlfn.XLOOKUP(K8,Sails!A:A,Sails!A:A,,-1) -> 2021-Se-Mach4-9.4
B9: Simmer | C9: SCR | D9: 7 | E9: 2013 | K9: =_xlfn.CONCAT(E9,"-",LEFT(B9,2),"-",SUBSTITUTE(C9," ",""),"-",D9) -> 2013-Si-SCR-7 | P9: =_xlfn.IFNA(_xlfn.XMATCH(K9,Sails!A:A),-1) -> 11 | Q9: =_xlfn.XLOOKUP(K9,Sails!A:A,Sails!A:A,,-1) -> 2013-Si-SCR-7
K10: =_xlfn.CONCAT(E10,"-",LEFT(B10,2),"-",SUBSTITUTE(C10," ",""),"-",D10) -> --- | P10: =_xlfn.IFNA(_xlfn.XMATCH(K10,Sails!A:A),-1) -> -1 | Q10: =_xlfn.XLOOKUP(K10,Sails!A:A,Sails!A:A,,-1) -> #N/A
K11: =_xlfn.CONCAT(E11,"-",LEFT(B11,2),"-",SUBSTITUTE(C11," ",""),"-",D11) -> --- | P11: =_xlfn.IFNA(_xlfn.XMATCH(K11,Sails!A:A),-1) -> -1 | Q11: =_xlfn.XLOOKUP(K11,Sails!A:A,Sails!A:A,,-1) -> #N/A
K12: =_xlfn.CONCAT(E12,"-",LEFT(B12,2),"-",SUBSTITUTE(C12," ",""),"-",D12) -> --- | P12: =_xlfn.IFNA(_xlfn.XMATCH(K12,Sails!A:A),-1) -> -1 | Q12: =_xlfn.XLOOKUP(K12,Sails!A:A,Sails!A:A,,-1) -> #N/A
K13: =_xlfn.CONCAT(E13,"-",LEFT(B13,2),"-",SUBSTITUTE(C13," ",""),"-",D13) -> --- | P13: =_xlfn.IFNA(_xlfn.XMATCH(K13,Sails!A:A),-1) -> -1 | Q13: =_xlfn.XLOOKUP(K13,Sails!A:A,Sails!A:A,,-1) -> #N/A
K14: =_xlfn.CONCAT(E14,"-",LEFT(B14,2),"-",SUBSTITUTE(C14," ",""),"-",D14) -> --- | P14: =_xlfn.IFNA(_xlfn.XMATCH(K14,Sails!A:A),-1) -> -1 | Q14: =_xlfn.XLOOKUP(K14,Sails!A:A,Sails!A:A,,-1) -> #N/A
K15: =_xlfn.CONCAT(E15,"-",LEFT(B15,2),"-",SUBSTITUTE(C15," ",""),"-",D15) -> --- | P15: =_xlfn.IFNA(_xlfn.XMATCH(K15,Sails!A:A),-1) -> -1 | Q15: =_xlfn.XLOOKUP(K15,Sails!A:A,Sails!A:A,,-1) -> #N/A
K16: =_xlfn.CONCAT(E16,"-",LEFT(B16,2),"-",SUBSTITUTE(C16," ",""),"-",D16) -> ---
K17: =_xlfn.CONCAT(E17,"-",LEFT(B17,2),"-",SUBSTITUTE(C17," ",""),"-",D17) -> ---
K18: =_xlfn.CONCAT(E18,"-",LEFT(B18,2),"-",SUBSTITUTE(C18," ",""),"-",D18) -> ---
K19: =_xlfn.CONCAT(E19,"-",LEFT(B19,2),"-",SUBSTITUTE(C19," ",""),"-",D19) -> ---
K20: =_xlfn.CONCAT(E20,"-",LEFT(B20,2),"-",SUBSTITUTE(C20," ",""),"-",D20) -> ---
K21: =_xlfn.CONCAT(E21,"-",LEFT(B21,2),"-",SUBSTITUTE(C21," ",""),"-",D21) -> ---
K22: =_xlfn.CONCAT(E22,"-",LEFT(B22,2),"-",SUBSTITUTE(C22," ",""),"-",D22) -> ---
K23: =_xlfn.CONCAT(E23,"-",LEFT(B23,2),"-",SUBSTITUTE(C23," ",""),"-",D23) -> ---
K24: =_xlfn.CONCAT(E24,"-",LEFT(B24,2),"-",SUBSTITUTE(C24," ",""),"-",D24) -> ---
K25: =_xlfn.CONCAT(E25,"-",LEFT(B25,2),"-",SUBSTITUTE(C25," ",""),"-",D25) -> ---
K26: =_xlfn.CONCAT(E26,"-",LEFT(B26,2),"-",SUBSTITUTE(C26," ",""),"-",D26) -> ---

Sheet Temp-Berra
A1: ID | B1: Brand | C1: Type | D1: Size | E1: Year | F1: Luff | G1: Boom | H1: Battens | I1: Cams | J1: Weight | K1: Head | L1: Mast | M1: SDM/RDM
C3: SIZE | F3: LUFF | G3: BOOM | H3: BATTENS | L3: MAST | O3: TOP | P3: B-Ext | Q3: L-Ext
C4: 5.5 | F4: 417 | G4: 184 | H4: 7 | I4: 4 | L4: 400/19 | O4: fixed | P4: 180+6 | Q4: 19
C5: 6.2 | F5: 438 | G5: 193 | H5: 7 | I5: 4 | L5: 430/21 | O5: fixed | P5: 180+14 | Q5: 9
C6: 7.0 | F6: 465 | G6: 205 | H6: 8 | I6: 4 | L6: 460/25 | O6: fixed | P6: 200+6 | Q6: 5
C7: 7.8 | F7: 483 | G7: 217 | H7: 8 | I7: 4 | L7: 460/25 | O7: fixed | P7: 200+18 | Q7: 23
C8: 8.6 | F8: 507 | G8: 227 | H8: 8 | I8: 4 | L8: 490/29 | O8: fixed | P8: 200+28 | Q8: 17
C9: 9.5 | F9: 536 | G9: 243 | H9: 8 | I9: 4 | L9: 520/34 | O9: fixed | P9: 230+14 | Q9: 17
