Workbook

Sheet Boards Catalogue
A1: ID | B1: YEAR | C1: Model Year | D1: Brand | E1: Model | F1: Vol. | G1: WIDTH | H1: LENGTH | I1: TECHNOLOGY | J1: FIN BOXES | K1: FINS | L1: REC. SAIL SIZES | M1: Weight | N1: Misc
A2: =_xlfn.CONCAT(B2,"-",LEFT(D2,2),"-",LEFT(E2,3),"-",F2,"-",TRUNC(G2),"-",TRUNC(H2)) -> 1992-Ti-260-88-55-260 | B2: =LEFT(C2,4) -> 1992 | C2: 1992 | D2: Tiga | E2: 260 ACR | F2: 88 | G2: 55 | H2: 260 | J2: Tiga Box
A3: =_xlfn.CONCAT(B3,"-",LEFT(D3,2),"-",LEFT(E3,3),"-",F3,"-",TRUNC(G3),"-",TRUNC(H3)) -> 2007-Fa-All-72-54-232 | B3: =LEFT(C3,4) -> 2007 | C3: 2007/2008 | D3: Fanatic | E3: AllWave 72 | F3: 72 | G3: 54 | H3: 232 | I3: GLASS DOUBLE SANDWICH | K3: FANATIC ALLWAVE 22 G10
A4: =_xlfn.CONCAT(B4,"-",LEFT(D4,2),"-",LEFT(E4,3),"-",F4,"-",TRUNC(G4),"-",TRUNC(H4)) -> 2007-Fa-All-82-57-233 | B4: =LEFT(C4,4) -> 2007 | C4: 2007/2008 | D4: Fanatic | E4: AllWave 82 | F4: 82 | G4: 57 | H4: 233 | I4: GLASS DOUBLE SANDWICH | K4: FANATIC ALLWAVE 23,5 G10
A5: =_xlfn.CONCAT(B5,"-",LEFT(D5,2),"-",LEFT(E5,3),"-",F5,"-",TRUNC(G5),"-",TRUNC(H5)) -> 2007-Fa-AW -92-60-235 | B5: =LEFT(C5,4) -> 2007 | C5: 2007/2008 | D5: Fanatic | E5: AW 92 | F5: 92 | G5: 60 | H5: 235 | I5: GLASS DOUBLE SANDWICH | K5: FANATIC ALLWAVE 25 G10
A6: =_xlfn.CONCAT(B6,"-",LEFT(D6,2),"-",LEFT(E6,3),"-",F6,"-",TRUNC(G6),"-",TRUNC(H6)) -> 2007-Fa-EAG-100-63-245 | B6: =LEFT(C6,4) -> 2007 | C6: 2007/2008 | D6: Fanatic | E6: EAGLE 100 | F6: 100 | G6: 63 | H6: 245 | I6: HYBRID SANDWICH | K6: FANATIC EAGLE 36 G10
A7: =_xlfn.CONCAT(B7,"-",LEFT(D7,2),"-",LEFT(E7,3),"-",F7,"-",TRUNC(G7),"-",TRUNC(H7)) -> 2007-Fa-EAG-113-66-246 | B7: =LEFT(C7,4) -> 2007 | C7: 2007/2008 | D7: Fanatic | E7: EAGLE 113 | F7: 113 | G7: 66 | H7: 246 | I7: HYBRID SANDWICH | K7: FANATIC EAGLE 39 G10
A8: =_xlfn.CONCAT(B8,"-",LEFT(D8,2),"-",LEFT(E8,3),"-",F8,"-",TRUNC(G8),"-",TRUNC(H8)) -> 2007-Fa-EAG-126-69-249 | B8: =LEFT(C8,4) -> 2007 | C8: 2007/2008 | D8: Fanatic | E8: EAGLE 126 | F8: 126 | G8: 69 | H8: 249 | I8: HYBRID SANDWICH | K8: FANATIC EAGLE 42 G10
A9: =_xlfn.CONCAT(B9,"-",LEFT(D9,2),"-",LEFT(E9,3),"-",F9,"-",TRUNC(G9),"-",TRUNC(H9)) -> 2007-Fa-FAL-145-85-245 | B9: =LEFT(C9,4) -> 2007 | C9: 2007/2008 | D9: Fanatic | E9: FALCON SL 145 | F9: 145 | G9: 85 | H9: 245 | I9: CARBON SANDWICH | K9: Fanatic Slalom 54 G10
A10: =_xlfn.CONCAT(B10,"-",LEFT(D10,2),"-",LEFT(E10,3),"-",F10,"-",TRUNC(G10),"-",TRUNC(H10)) -> 2007-Fa-FAL-68-48-242 | B10: =LEFT(C10,4) -> 2007 | C10: 2007/2008 | D10: Fanatic | E10: FALCON SPEED | F10: 68 | G10: 48 | H10: 242 | I10: CARBON SANDWICH | K10: FANATIC SPEED 28 G10
A11: =_xlfn.CONCAT(B11,"-",LEFT(D11,2),"-",LEFT(E11,3),"-",F11,"-",TRUNC(G11),"-",TRUNC(H11)) -> 2007-Fa-FW -104-63-241 | B11: =LEFT(C11,4) -> 2007 | C11: 2007/2008 | D11: Fanatic | E11: FW 104 | F11: 104 | G11: 63.5 | H11: 241 | I11: TECHNORA KEVLAR DOUBLE SANDWICH / LF | K11: FANATIC FREEWAVE 29 G10
A12: =_xlfn.CONCAT(B12,"-",LEFT(D12,2),"-",LEFT(E12,3),"-",F12,"-",TRUNC(G12),"-",TRUNC(H12)) -> 2007-Fa-Fee-77-56-237 | B12: =LEFT(C12,4) -> 2007 | C12: 2007/2008 | D12: Fanatic | E12: FeeWave 77 | F12: 77 | G12: 56 | H12: 237 | I12: TECHNORA KEVLAR DOUBLE SANDWICH / LF | K12: FANATIC FREEWAVE 23 G10
A13: =_xlfn.CONCAT(B13,"-",LEFT(D13,2),"-",LEFT(E13,3),"-",F13,"-",TRUNC(G13),"-",TRUNC(H13)) -> 2007-Fa-Fre-86-58-239 | B13: =LEFT(C13,4) -> 2007 | C13: 2007/2008 | D13: Fanatic | E13: FreeWave 86 | F13: 86 | G13: 58.5 | H13: 239 | I13: TECHNORA KEVLAR DOUBLE SANDWICH / LF | K13: FANATIC FREEWAVE 25 G10
A14: =_xlfn.CONCAT(B14,"-",LEFT(D14,2),"-",LEFT(E14,3),"-",F14,"-",TRUNC(G14),"-",TRUNC(H14)) -> 2007-Fa-Fre-95-61-241 | B14: =LEFT(C14,4) -> 2007 | C14: 2007/2008 | D14: Fanatic | E14: FreeWave 95 | F14: 95 | G14: 61 | H14: 241 | I14: TECHNORA KEVLAR DOUBLE SANDWICH / LF | K14: FANATIC FREEWAVE 27 G10
... A36: =_xlfn.CONCAT(B36,"-",LEFT(D36,2),"-",LEFT(E36,3),"-",F36,"-",TRUNC(G36),"-",TRUNC(H36)) -> 2007-Fa-VIP-220-85-285 | B36: =LEFT(C36,4) -> 2007 | C36: 2007/2008 | D36: Fanatic | E36: VIPER 85 | F36: 220 | G36: 85 | H36: 285 | I36: HIGH RESISTANCE SKIN – SOFTDECK | K36: FANATIC VIPER 34, DAGGERBOARD
A37: =_xlfn.CONCAT(B37,"-",LEFT(D37,2),"-",LEFT(E37,3),"-",F37,"-",TRUNC(G37),"-",TRUNC(H37)) -> 2007-Fa-FAL-79-55-245 | B37: =LEFT(C37,4) -> 2007 | C37: 2007/2008 | D37: Fanatic | E37: FALCON SL 79 | F37: 79 | G37: 55 | H37: 245 | I37: CARBON SANDWICH
A38: =_xlfn.CONCAT(B38,"-",LEFT(D38,2),"-",LEFT(E38,3),"-",F38,"-",TRUNC(G38),"-",TRUNC(H38)) -> 2007-Fa-FAL-89-61-244 | B38: =LEFT(C38,4) -> 2007 | C38: 2007/2008 | D38: Fanatic | E38: FALCON SL 89 | F38: 89 | G38: 61 | H38: 244 | I38: CARBON SANDWICH
A39: =_xlfn.CONCAT(B39,"-",LEFT(D39,2),"-",LEFT(E39,3),"-",F39,"-",TRUNC(G39),"-",TRUNC(H39)) -> 2007-Fa-FAL-104-67-245 | B39: =LEFT(C39,4) -> 2007 | C39: 2007/2008 | D39: Fanatic | E39: FALCON SL 104 | F39: 104 | G39: 67 | H39: 245 | I39: CARBON SANDWICH
A40: =_xlfn.CONCAT(B40,"-",LEFT(D40,2),"-",LEFT(E40,3),"-",F40,"-",TRUNC(G40),"-",TRUNC(H40)) -> 2007-Fa-FAL-124-76-245 | B40: =LEFT(C40,4) -> 2007 | C40: 2007/2008 | D40: Fanatic | E40: FALCON SL 124 | F40: 124 | G40: 76 | H40: 245 | I40: CARBON SANDWICH
A41: =_xlfn.CONCAT(B41,"-",LEFT(D41,2),"-",LEFT(E41,3),"-",F41,"-",TRUNC(G41),"-",TRUNC(H41)) -> 2007-Fa-Fal-89-61-244 | B41: =LEFT(C41,4) -> 2007 | C41: 2007 | D41: Fanatic | E41: Falcon 90 | F41: 89 | G41: 61 | H41: 244 | I41: CARBON SANDWICH
A42: =_xlfn.CONCAT(B42,"-",LEFT(D42,2),"-",LEFT(E42,3),"-",F42,"-",TRUNC(G42),"-",TRUNC(H42)) -> 2010-Fa-Fal-102-63-235 | B42: =LEFT(C42,4) -> 2010 | C42: 2010 | D42: Fanatic | E42: Falcon Slalom 102 | F42: 102 | G42: 63 | H42: 235 | I42: Biax Carbon Sandwich Light | J42: Tuttle Box | K42: None | L42: 5.5 – 8.5 M2
A43: =_xlfn.CONCAT(B43,"-",LEFT(D43,2),"-",LEFT(E43,3),"-",F43,"-",TRUNC(G43),"-",TRUNC(H43)) -> 2010-Fa-Fal-112-69-235 | B43: =LEFT(C43,4) -> 2010 | C43: 2010 | D43: Fanatic | E43: Falcon Slalom 112 | F43: 112 | G43: 69 | H43: 235 | I43: Biax Carbon Sandwich Light | J43: Tuttle Box | K43: None | L43: 6.0 – 9.0 M2
A44: =_xlfn.CONCAT(B44,"-",LEFT(D44,2),"-",LEFT(E44,3),"-",F44,"-",TRUNC(G44),"-",TRUNC(H44)) -> 2010-Fa-Fal-122-75-230 | B44: =LEFT(C44,4) -> 2010 | C44: 2010 | D44: Fanatic | E44: Falcon Slalom 122 | F44: 122 | G44: 75 | H44: 230 | I44: Biax Carbon Sandwich Light | J44: Tuttle Box | K44: None | L44: 6.5 – 9.5 M2
A45: =_xlfn.CONCAT(B45,"-",LEFT(D45,2),"-",LEFT(E45,3),"-",F45,"-",TRUNC(G45),"-",TRUNC(H45)) -> 2010-Fa-Fal-133-79-230 | B45: =LEFT(C45,4) -> 2010 | C45: 2010 | D45: Fanatic | E45: Falcon Slalom 133 | F45: 133 | G45: 79 | H45: 230 | I45: Biax Carbon Sandwich Light | J45: Deep Tuttle Box | K45: None | L45: 6.5 – 10 M2
A46: =_xlfn.CONCAT(B46,"-",LEFT(D46,2),"-",LEFT(E46,3),"-",F46,"-",TRUNC(G46),"-",TRUNC(H46)) -> 2010-Fa-Fal-145-85-230 | B46: =LEFT(C46,4) -> 2010 | C46: 2010 | D46: Fanatic | E46: Falcon Slalom 145 | F46: 145 | G46: 85 | H46: 230 | I46: Biax Carbon Sandwich Light | J46: Deep Tuttle Box | K46: None | L46: 7.0 – 10 M2 +
A47: =_xlfn.CONCAT(B47,"-",LEFT(D47,2),"-",LEFT(E47,3),"-",F47,"-",TRUNC(G47),"-",TRUNC(H47)) -> 2010-Fa-Fal-68-48-242 | B47: =LEFT(C47,4) -> 2010 | C47: 2010 | D47: Fanatic | E47: Falcon Speed | F47: 68 | G47: 48 | H47: 242 | I47: Carbon Sandwich Light | J47: Tuttle Box | K47: None | L47: 4.0 – 7.0 M2
A48: =_xlfn.CONCAT(B48,"-",LEFT(D48,2),"-",LEFT(E48,3),"-",F48,"-",TRUNC(G48),"-",TRUNC(H48)) -> 2010-Fa-Fal-86-58-240 | B48: =LEFT(C48,4) -> 2010 | C48: 2010 | D48: Fanatic | E48: Falcon Slalom 86 | F48: 86 | G48: 58 | H48: 240 | I48: Biax Carbon Sandwich Light | J48: Tuttle Box | K48: None | L48: 4.5 – 7.0 M2
A49: =_xlfn.CONCAT(B49,"-",LEFT(D49,2),"-",LEFT(E49,3),"-",F49,"-",TRUNC(G49),"-",TRUNC(H49)) -> 2010-Fa-Fre-105-63-242 | B49: =LEFT(C49,4) -> 2010 | C49: 2010 | D49: Fanatic | E49: Freewave 105 | F49: 105 | G49: 63.5 | H49: 242 | I49: Custom Wood Sandwich Light | J49: Power Box | K49: Fanatic Freewave 29 G10 | L49: 4.7 –7.0 M2
A50: =_xlfn.CONCAT(B50,"-",LEFT(D50,2),"-",LEFT(E50,3),"-",F50,"-",TRUNC(G50),"-",TRUNC(H50)) -> 2010-Fa-Fre-105-63-242 | B50: =LEFT(C50,4) -> 2010 | C50: 2010 | D50: Fanatic | E50: Freewave TE 105 | F50: 105 | G50: 63.5 | H50: 242 | I50: Carbon Kevlar Light TE | J50: Power Box | K50: Fanatic Freewave 29 G10 | L50: 4.7 – 7.0 M2
A51: =_xlfn.CONCAT(B51,"-",LEFT(D51,2),"-",LEFT(E51,3),"-",F51,"-",TRUNC(G51),"-",TRUNC(H51)) -> 2010-Fa-Fre-115-66-244 | B51: =LEFT(C51,4) -> 2010 | C51: 2010 | D51: Fanatic | E51: Freewave 115 | F51: 115 | G51: 66 | H51: 244 | I51: Custom Wood Sandwich Light | J51: Power Box | K51: Fanatic Freewave 29 G10 | L51: 5.0 – 7.3 M2
A52: =_xlfn.CONCAT(B52,"-",LEFT(D52,2),"-",LEFT(E52,3),"-",F52,"-",TRUNC(G52),"-",TRUNC(H52)) -> 2010-Fa-Fre-115-66-244 | B52: =LEFT(C52,4) -> 2010 | C52: 2010 | D52: Fanatic | E52: Freewave TE 115 | F52: 115 | G52: 66 | H52: 244 | I52: Carbon Kevlar Light TE | J52: Power Box | K52: Fanatic Freewave 29 G10 | L52: 5.0 – 7.3 M2
A53: =_xlfn.CONCAT(B53,"-",LEFT(D53,2),"-",LEFT(E53,3),"-",F53,"-",TRUNC(G53),"-",TRUNC(H53)) -> 2010-Fa-Fre-75-56-235 | B53: =LEFT(C53,4) -> 2010 | C53: 2010 | D53: Fanatic | E53: Freewave 75 | F53: 75 | G53: 56 | H53: 235 | I53: Custom Wood Sandwich Light | J53: Us Box | K53: Fanatic Freewave 23 G10 | L53: 3.7 – 6.0 M2
... A94: =_xlfn.CONCAT(B94,"-",LEFT(D94,2),"-",LEFT(E94,3),"-",F94,"-",TRUNC(G94),"-",TRUNC(H94)) -> 2010-Fa-Vip-220-85-285 | B94: =LEFT(C94,4) -> 2010 | C94: 2010 | D94: Fanatic | E94: Viper 85 | F94: 220 | G94: 85 | H94: 285 | I94: High Resistance Skin – Softdeck** | J94: Power Box | K94: Fanatic Viper 34 | L94: 2.0 – 10.0 M2
A95: =_xlfn.CONCAT(B95,"-",LEFT(D95,2),"-",LEFT(E95,3),"-",F95,"-",TRUNC(G95),"-",TRUNC(H95)) -> 2016-Fa-Fal-112-70-230 | B95: =LEFT(C95,4) -> 2016 | C95: 2016 | D95: Fanatic | E95: Falcon Slalom TE 112 | F95: 112 | G95: 70 | H95: 230 | I95: Full BCS / LF (Deck & Bottom); BGS / LF | L95: 6.0 – 8.6 m2
A96: =_xlfn.CONCAT(B96,"-",LEFT(D96,2),"-",LEFT(E96,3),"-",F96,"-",TRUNC(G96),"-",TRUNC(H96)) -> 2016-Fa-Fal-121-75-230 | B96: =LEFT(C96,4) -> 2016 | C96: 2016 | D96: Fanatic | E96: Falcon Slalom TE 121 | F96: 121 | G96: 75 | H96: 230 | I96: Full BCS / LF (Deck & Bottom); BGS / LF | L96: 6.5 – 9.2 m2
A97: =_xlfn.CONCAT(B97,"-",LEFT(D97,2),"-",LEFT(E97,3),"-",F97,"-",TRUNC(G97),"-",TRUNC(H97)) -> 2016-Fa-Fal-129-80-230 | B97: =LEFT(C97,4) -> 2016 | C97: 2016 | D97: Fanatic | E97: Falcon Slalom TE 129 | F97: 129 | G97: 80 | H97: 230 | I97: Full BCS / LF (Deck & Bottom) | L97: 6.8 – 9.5 m2
A98: =_xlfn.CONCAT(B98,"-",LEFT(D98,2),"-",LEFT(E98,3),"-",F98,"-",TRUNC(G98),"-",TRUNC(H98)) -> 2016-Fa-Fal-138-85-230 | B98: =LEFT(C98,4) -> 2016 | C98: 2016 | D98: Fanatic | E98: Falcon Slalom TE 138 | F98: 138 | G98: 85 | H98: 230 | I98: Full BCS / LF (Deck & Bottom) | L98: 7.0 – 10.0 m2
A99: =_xlfn.CONCAT(B99,"-",LEFT(D99,2),"-",LEFT(E99,3),"-",F99,"-",TRUNC(G99),"-",TRUNC(H99)) -> 2016-Fa-Fal-152-90-230 | B99: =LEFT(C99,4) -> 2016 | C99: 2016 | D99: Fanatic | E99: Falcon Slalom TE 152 | F99: 152 | G99: 90 | H99: 230 | I99: Full BCS / LF (Deck & Bottom) | L99: 7.5 – 11.0+ m2
A100: =_xlfn.CONCAT(B100,"-",LEFT(D100,2),"-",LEFT(E100,3),"-",F100,"-",TRUNC(G100),"-",TRUNC(H100)) -> 2016-Fa-Fal-172-100-230 | B100: =LEFT(C100,4) -> 2016 | C100: 2016 | D100: Fanatic | E100: Falcon Formula 172 | F100: 172 | G100: 100 | H100: 230 | I100: Full BCS / LF (Deck & Bottom) | L100: 8.0 – 12.5+ m2
A101: =_xlfn.CONCAT(B101,"-",LEFT(D101,2),"-",LEFT(E101,3),"-",F101,"-",TRUNC(G101),"-",TRUNC(H101)) -> 2016-Fa-Fal-54-44-230 | B101: =LEFT(C101,4) -> 2016 | C101: 2016 | D101: Fanatic | E101: Falcon Speed 44 Lüderitz | F101: 54 | G101: 44 | H101: 230 | I101: BCS / LF | L101: 4.0 – 6.5 m2
A102: =_xlfn.CONCAT(B102,"-",LEFT(D102,2),"-",LEFT(E102,3),"-",F102,"-",TRUNC(G102),"-",TRUNC(H102)) -> 2016-Fa-Fal-68-50-230 | B102: =LEFT(C102,4) -> 2016 | C102: 2016 | D102: Fanatic | E102: Falcon Speed 50 | F102: 68 | G102: 50 | H102: 230 | I102: BCS / LF | L102: 4.5 – 7.0 m2
A103: =_xlfn.CONCAT(B103,"-",LEFT(D103,2),"-",LEFT(E103,3),"-",F103,"-",TRUNC(G103),"-",TRUNC(H103)) -> 2016-Fa-Fal-79-56-235 | B103: =LEFT(C103,4) -> 2016 | C103: 2016 | D103: Fanatic | E103: Falcon Speed 56 | F103: 79 | G103: 56 | H103: 235 | I103: BCS / LF | L103: 4.5 – 7.5 m2
A104: =_xlfn.CONCAT(B104,"-",LEFT(D104,2),"-",LEFT(E104,3),"-",F104,"-",TRUNC(G104),"-",TRUNC(H104)) -> 2016-Fa-Fal-90-59-235 | B104: =LEFT(C104,4) -> 2016 | C104: 2016 | D104: Fanatic | E104: Falcon Slalom TE 90 | F104: 90 | G104: 59 | H104: 235 | I104: BCS / LF | L104: 5.0 – 7.8 m2
A105: =_xlfn.CONCAT(B105,"-",LEFT(D105,2),"-",LEFT(E105,3),"-",F105,"-",TRUNC(G105),"-",TRUNC(H105)) -> 2016-Fa-Fal-99-63-235 | B105: =LEFT(C105,4) -> 2016 | C105: 2016 | D105: Fanatic | E105: Falcon Slalom TE 99 | F105: 99 | G105: 63 | H105: 235 | I105: BCS / LF; BGS / LF | L105: 5.5 – 8.2 m2
A106: =_xlfn.CONCAT(B106,"-",LEFT(D106,2),"-",LEFT(E106,3),"-",F106,"-",TRUNC(G106),"-",TRUNC(H106)) -> 2016-Fa-Fre-106-63-235 | B106: =LEFT(C106,4) -> 2016 | C106: 2016 | D106: Fanatic | E106: FreeWave 106 | F106: 106 | G106: 63.5 | H106: 235 | I106: TeXtreme® IC / LF; IC / LF; CWS | L106: 4.7 – 7.0 m2
... A145: =_xlfn.CONCAT(B145,"-",LEFT(D145,2),"-",LEFT(E145,3),"-",F145,"-",TRUNC(G145),"-",TRUNC(H145)) -> 2016-Fa-Vip-315-85-300 | B145: =LEFT(C145,4) -> 2016 | C145: 2016 | D145: Fanatic | E145: Viper Air 315 | F145: 315 | G145: 85.1 | H145: 300 | I145: Double Layer Heavy Duty | L145: 1.5 – 8.5 m2
A146: =_xlfn.CONCAT(B146,"-",LEFT(D146,2),"-",LEFT(E146,3),"-",F146,"-",TRUNC(G146),"-",TRUNC(H146)) -> 2018-AV-Mod-90-58-229 | B146: =LEFT(C146,4) -> 2018 | C146: 2018 | D146: AV | E146: Modena Speed 58 | F146: 90 | G146: 58 | H146: 229 | I146: Custom | J146: Short Tuttle
A147: =_xlfn.CONCAT(B147,"-",LEFT(D147,2),"-",LEFT(E147,3),"-",F147,"-",TRUNC(G147),"-",TRUNC(H147)) -> 2018-Fa-Bla-100-62-231 | B147: =LEFT(C147,4) -> 2018 | C147: 2018 | D147: Fanatic | E147: Blast TXTR 100 | F147: 100 | G147: 62 | H147: 231 | I147: TXTR / BXC | J147: Tuttle Box | K147: CF Composite Black 34 cm | L147: Up to 7.8 m2
A148: =_xlfn.CONCAT(B148,"-",LEFT(D148,2),"-",LEFT(E148,3),"-",F148,"-",TRUNC(G148),"-",TRUNC(H148)) -> 2018-Fa-Bla-100-62-231 | B148: =LEFT(C148,4) -> 2018 | C148: 2018 | D148: Fanatic | E148: Blast LTD 100 | F148: 100 | G148: 62 | H148: 231 | I148: BXF | J148: Tuttle Box | K148: CF Composite Black 34 cm | L148: Up to 7.8 m2
A149: =_xlfn.CONCAT(B149,"-",LEFT(D149,2),"-",LEFT(E149,3),"-",F149,"-",TRUNC(G149),"-",TRUNC(H149)) -> 2018-Fa-Bla-115-66-232 | B149: =LEFT(C149,4) -> 2018 | C149: 2018 | D149: Fanatic | E149: Blast TXTR 115 | F149: 115 | G149: 66 | H149: 232 | K149: CF Composite Black 38 cm | L149: Up to 8.4 m2
A150: =_xlfn.CONCAT(B150,"-",LEFT(D150,2),"-",LEFT(E150,3),"-",F150,"-",TRUNC(G150),"-",TRUNC(H150)) -> 2018-Fa-Bla-115-66-232 | B150: =LEFT(C150,4) -> 2018 | C150: 2018 | D150: Fanatic | E150: Blast LTD 115 | F150: 115 | G150: 66 | H150: 232 | K150: CF Composite Black 38 cm | L150: Up to 8.4 m2
A151: =_xlfn.CONCAT(B151,"-",LEFT(D151,2),"-",LEFT(E151,3),"-",F151,"-",TRUNC(G151),"-",TRUNC(H151)) -> 2018-Fa-Bla-130-70-233 | B151: =LEFT(C151,4) -> 2018 | C151: 2018 | D151: Fanatic | E151: Blast TXTR 130 | F151: 130 | G151: 70 | H151: 233 | J151: FOIL Tuttle Box | K151: CF Composite Black 42 cm | L151: Up to 9.0 m2
A152: =_xlfn.CONCAT(B152,"-",LEFT(D152,2),"-",LEFT(E152,3),"-",F152,"-",TRUNC(G152),"-",TRUNC(H152)) -> 2018-Fa-Bla-130-70-233 | B152: =LEFT(C152,4) -> 2018 | C152: 2018 | D152: Fanatic | E152: Blast LTD 130 | F152: 130 | G152: 70 | H152: 233 | J152: FOIL Tuttle Box | K152: CF Composite Black 42 cm | L152: Up to 9.0 m2
A153: =_xlfn.CONCAT(B153,"-",LEFT(D153,2),"-",LEFT(E153,3),"-",F153,"-",TRUNC(G153),"-",TRUNC(H153)) -> 2018-Fa-Bla-145-77-235 | B153: =LEFT(C153,4) -> 2018 | C153: 2018 | D153: Fanatic | E153: Blast TXTR 145 | F153: 145 | G153: 77 | H153: 235 | K153: CF Composite Black 44 cm | L153: Up to 10.0 m2
A154: =_xlfn.CONCAT(B154,"-",LEFT(D154,2),"-",LEFT(E154,3),"-",F154,"-",TRUNC(G154),"-",TRUNC(H154)) -> 2018-Fa-Bla-145-77-235 | B154: =LEFT(C154,4) -> 2018 | C154: 2018 | D154: Fanatic | E154: Blast LTD 145 | F154: 145 | G154: 77 | H154: 235 | K154: CF Composite Black 44 cm | L154: Up to 10.0 m2
A155: =_xlfn.CONCAT(B155,"-",LEFT(D155,2),"-",LEFT(E155,3),"-",F155,"-",TRUNC(G155),"-",TRUNC(H155)) -> 2018-Fa-Fal-114-71-230 | B155: =LEFT(C155,4) -> 2018 | C155: 2018 | D155: Fanatic | E155: Falcon TE 114 | F155: 114 | G155: 71 | H155: 230 | I155: FULL BXC | J155: Medium Tuttle Box | K155: No Fin | L155: Up to 8.6 m2
A156: =_xlfn.CONCAT(B156,"-",LEFT(D156,2),"-",LEFT(E156,3),"-",F156,"-",TRUNC(G156),"-",TRUNC(H156)) -> 2018-Fa-Fal-121-75-230 | B156: =LEFT(C156,4) -> 2018 | C156: 2018 | D156: Fanatic | E156: Falcon TE 121 | F156: 121 | G156: 75 | H156: 230 | L156: Up to 9.2 m2
A157: =_xlfn.CONCAT(B157,"-",LEFT(D157,2),"-",LEFT(E157,3),"-",F157,"-",TRUNC(G157),"-",TRUNC(H157)) -> 2018-Fa-Fal-129-80-230 | B157: =LEFT(C157,4) -> 2018 | C157: 2018 | D157: Fanatic | E157: Falcon TE129 | F157: 129 | G157: 80 | H157: 230 | J157: FOIL Tuttle Box | K157: No Fin | L157: Up to 9.5 m2
A158: =_xlfn.CONCAT(B158,"-",LEFT(D158,2),"-",LEFT(E158,3),"-",F158,"-",TRUNC(G158),"-",TRUNC(H158)) -> 2018-Fa-Fal-136-85-225 | B158: =LEFT(C158,4) -> 2018 | C158: 2018 | D158: Fanatic | E158: Falcon TE 136 | F158: 136 | G158: 85 | H158: 225 | L158: Up to 10 m2
A159: =_xlfn.CONCAT(B159,"-",LEFT(D159,2),"-",LEFT(E159,3),"-",F159,"-",TRUNC(G159),"-",TRUNC(H159)) -> 2018-Fa-Fal-159-90-230 | B159: =LEFT(C159,4) -> 2018 | C159: 2018 | D159: Fanatic | E159: Falcon Lightwind 159 | F159: 159 | G159: 90 | H159: 230 | I159: BXF | J159: FOIL Tuttle Box | K159: CF Composite Black 50 cm | L159: Up to 11 m2
A160: =_xlfn.CONCAT(B160,"-",LEFT(D160,2),"-",LEFT(E160,3),"-",F160,"-",TRUNC(G160),"-",TRUNC(H160)) -> 2018-Fa-Fal-172-100-230 | B160: =LEFT(C160,4) -> 2018 | C160: 2018 | D160: Fanatic | E160: Falcon Formula 172 | F160: 172 | G160: 100 | H160: 230 | I160: FULL BXC | J160: Deep Tuttle Box | K160: No Fin | L160: Up to 12.5 m2
A161: =_xlfn.CONCAT(B161,"-",LEFT(D161,2),"-",LEFT(E161,3),"-",F161,"-",TRUNC(G161),"-",TRUNC(H161)) -> 2018-Fa-Fal-54-44-230 | B161: =LEFT(C161,4) -> 2018 | C161: 2018 | D161: Fanatic | E161: Falcon Speed 44 Lüderitz | F161: 54 | G161: 44 | H161: 230 | I161: BXC | J161: Short Tuttle Box | K161: No Fin | L161: Up to 6.5 m2
A162: =_xlfn.CONCAT(B162,"-",LEFT(D162,2),"-",LEFT(E162,3),"-",F162,"-",TRUNC(G162),"-",TRUNC(H162)) -> 2018-Fa-Fal-70-52-230 | B162: =LEFT(C162,4) -> 2018 | C162: 2018 | D162: Fanatic | E162: Falcon Speed 52.5 | F162: 70 | G162: 52.5 | H162: 230 | L162: Up to 7.0 m2
A163: =_xlfn.CONCAT(B163,"-",LEFT(D163,2),"-",LEFT(E163,3),"-",F163,"-",TRUNC(G163),"-",TRUNC(H163)) -> 2018-Fa-Fal-79-56-235 | B163: =LEFT(C163,4) -> 2018 | C163: 2018 | D163: Fanatic | E163: Falcon Speed 56 | F163: 79 | G163: 56 | H163: 235 | L163: Up to 7.5 m2
A164: =_xlfn.CONCAT(B164,"-",LEFT(D164,2),"-",LEFT(E164,3),"-",F164,"-",TRUNC(G164),"-",TRUNC(H164)) -> 2018-Fa-Fal-89-60-235 | B164: =LEFT(C164,4) -> 2018 | C164: 2018 | D164: Fanatic | E164: Falcon TE 89 | F164: 89 | G164: 60 | H164: 235 | I164: BXC | J164: Short Tuttle Box | K164: No Fin | L164: Up to 7.8 m2
A165: =_xlfn.CONCAT(B165,"-",LEFT(D165,2),"-",LEFT(E165,3),"-",F165,"-",TRUNC(G165),"-",TRUNC(H165)) -> 2018-Fa-Fal-98-63-235 | B165: =LEFT(C165,4) -> 2018 | C165: 2018 | D165: Fanatic | E165: Falcon TE 98 | F165: 98 | G165: 63 | H165: 235 | L165: Up to 8.2 m2
A166: =_xlfn.CONCAT(B166,"-",LEFT(D166,2),"-",LEFT(E166,3),"-",F166,"-",TRUNC(G166),"-",TRUNC(H166)) -> 2018-Fa-Fre-105-62-229 | B166: =LEFT(C166,4) -> 2018 | C166: 2018 | D166: Fanatic | E166: FreeWave STB TXTR 105 | F166: 105 | G166: 62.5 | H166: 229 | K166: MFC TF Black 2 × 12 cm, 20 cm | L166: Up to 6.8 m2
A167: =_xlfn.CONCAT(B167,"-",LEFT(D167,2),"-",LEFT(E167,3),"-",F167,"-",TRUNC(G167),"-",TRUNC(H167)) -> 2018-Fa-Fre-105-62-229 | B167: =LEFT(C167,4) -> 2018 | C167: 2018 | D167: Fanatic | E167: FreeWave STB TE 105 | F167: 105 | G167: 62.5 | H167: 229 | K167: MFC TF Black 2 × 12 cm, 20 cm | L167: Up to 6.8 m2
A168: =_xlfn.CONCAT(B168,"-",LEFT(D168,2),"-",LEFT(E168,3),"-",F168,"-",TRUNC(G168),"-",TRUNC(H168)) -> 2018-Fa-Fre-105-62-229 | B168: =LEFT(C168,4) -> 2018 | C168: 2018 | D168: Fanatic | E168: FreeWave STB 105 | F168: 105 | G168: 62.5 | H168: 229 | K168: CF 30 cm | L168: Up to 6.8 m2
A169: =_xlfn.CONCAT(B169,"-",LEFT(D169,2),"-",LEFT(E169,3),"-",F169,"-",TRUNC(G169),"-",TRUNC(H169)) -> 2018-Fa-Fre-115-65-231 | B169: =LEFT(C169,4) -> 2018 | C169: 2018 | D169: Fanatic | E169: FreeWave STB TXTR 115 | F169: 115 | G169: 65 | H169: 231 | K169: MFC 30 cm | L169: Up to 7.5 m2
A170: =_xlfn.CONCAT(B170,"-",LEFT(D170,2),"-",LEFT(E170,3),"-",F170,"-",TRUNC(G170),"-",TRUNC(H170)) -> 2018-Fa-Fre-115-65-231 | B170: =LEFT(C170,4) -> 2018 | C170: 2018 | D170: Fanatic | E170: FreeWave STB TE 115 | F170: 115 | G170: 65 | H170: 231 | K170: MFC 30 cm | L170: Up to 7.5 m2
A171: =_xlfn.CONCAT(B171,"-",LEFT(D171,2),"-",LEFT(E171,3),"-",F171,"-",TRUNC(G171),"-",TRUNC(H171)) -> 2018-Fa-Fre-85-57-225 | B171: =LEFT(C171,4) -> 2018 | C171: 2018 | D171: Fanatic | E171: FreeWave STB TXTR 85 | F171: 85 | G171: 57.5 | H171: 225 | I171: TXTR / BXIC | J171: 2 × Slot Box,_x000D_Power Box | K171: MFC TF Black 2 × 12 cm, 18 cm | L171: Up to 6.0 m2
A172: =_xlfn.CONCAT(B172,"-",LEFT(D172,2),"-",LEFT(E172,3),"-",F172,"-",TRUNC(G172),"-",TRUNC(H172)) -> 2018-Fa-Fre-85-57-225 | B172: =LEFT(C172,4) -> 2018 | C172: 2018 | D172: Fanatic | E172: FreeWave STB TE 85 | F172: 85 | G172: 57.5 | H172: 225 | I172: BXIC | J172: 2 × Slot Box,_x000D_Power Box | K172: MFC TF Black 2 × 12 cm, 18 cm | L172: Up to 6.0 m2
A173: =_xlfn.CONCAT(B173,"-",LEFT(D173,2),"-",LEFT(E173,3),"-",F173,"-",TRUNC(G173),"-",TRUNC(H173)) -> 2018-Fa-Fre-85-57-225 | B173: =LEFT(C173,4) -> 2018 | C173: 2018 | D173: Fanatic | E173: FreeWave STB 85 | F173: 85 | G173: 57.5 | H173: 225 | I173: BXF | J173: 2 × Slot Box,_x000D_Power Box | K173: CF 26 cm | L173: Up to 6.0 m2
A174: =_xlfn.CONCAT(B174,"-",LEFT(D174,2),"-",LEFT(E174,3),"-",F174,"-",TRUNC(G174),"-",TRUNC(H174)) -> 2018-Fa-Fre-95-60-227 | B174: =LEFT(C174,4) -> 2018 | C174: 2018 | D174: Fanatic | E174: FreeWave STB TXTR 95 | F174: 95 | G174: 60 | H174: 227 | K174: MFC TF Black 2 × 12 cm, 19 cm | L174: Up to 6.2 m2
A175: =_xlfn.CONCAT(B175,"-",LEFT(D175,2),"-",LEFT(E175,3),"-",F175,"-",TRUNC(G175),"-",TRUNC(H175)) -> 2018-Fa-Fre-95-60-227 | B175: =LEFT(C175,4) -> 2018 | C175: 2018 | D175: Fanatic | E175: FreeWave STB TE 95 | F175: 95 | G175: 60 | H175: 227 | K175: MFC TF Black 2 × 12 cm, 19 cm | L175: Up to 6.2 m2
A176: =_xlfn.CONCAT(B176,"-",LEFT(D176,2),"-",LEFT(E176,3),"-",F176,"-",TRUNC(G176),"-",TRUNC(H176)) -> 2018-Fa-Fre-95-60-227 | B176: =LEFT(C176,4) -> 2018 | C176: 2018 | D176: Fanatic | E176: FreeWave STB 95 | F176: 95 | G176: 60 | H176: 227 | K176: CF 28 cm | L176: Up to 6.2 m2
A177: =_xlfn.CONCAT(B177,"-",LEFT(D177,2),"-",LEFT(E177,3),"-",F177,"-",TRUNC(G177),"-",TRUNC(H177)) -> 2018-Fa-Gec-105-69-239 | B177: =LEFT(C177,4) -> 2018 | C177: 2018 | D177: Fanatic | E177: Gecko LTD 105 | F177: 105 | G177: 69 | H177: 239 | K177: CF Composite Black 36 cm | L177: Up to 8.0 m2
A178: =_xlfn.CONCAT(B178,"-",LEFT(D178,2),"-",LEFT(E178,3),"-",F178,"-",TRUNC(G178),"-",TRUNC(H178)) -> 2018-Fa-Gec-105-69-239 | B178: =LEFT(C178,4) -> 2018 | C178: 2018 | D178: Fanatic | E178: Gecko HRS 105 | F178: 105 | G178: 69 | H178: 239 | K178: CF White 36 cm | L178: Up to 8.0 m2
A179: =_xlfn.CONCAT(B179,"-",LEFT(D179,2),"-",LEFT(E179,3),"-",F179,"-",TRUNC(G179),"-",TRUNC(H179)) -> 2018-Fa-Gec-112-73-239 | B179: =LEFT(C179,4) -> 2018 | C179: 2018 | D179: Fanatic | E179: Gecko LTD 112 | F179: 112 | G179: 73 | H179: 239 | K179: CF Composite Black 38 cm | L179: Up to 8.5 m2
A180: =_xlfn.CONCAT(B180,"-",LEFT(D180,2),"-",LEFT(E180,3),"-",F180,"-",TRUNC(G180),"-",TRUNC(H180)) -> 2018-Fa-Gec-112-73-239 | B180: =LEFT(C180,4) -> 2018 | C180: 2018 | D180: Fanatic | E180: Gecko Eco 112 | F180: 112 | G180: 73 | H180: 239 | I180: CBC | J180: Power Box | K180: CF Composite Black 38 cm | L180: Up to 8.5 m2
A181: =_xlfn.CONCAT(B181,"-",LEFT(D181,2),"-",LEFT(E181,3),"-",F181,"-",TRUNC(G181),"-",TRUNC(H181)) -> 2018-Fa-Gec-112-73-239 | B181: =LEFT(C181,4) -> 2018 | C181: 2018 | D181: Fanatic | E181: Gecko HRS 112 | F181: 112 | G181: 73 | H181: 239 | K181: CF White 38 cm | L181: Up to 8.5 m2
A182: =_xlfn.CONCAT(B182,"-",LEFT(D182,2),"-",LEFT(E182,3),"-",F182,"-",TRUNC(G182),"-",TRUNC(H182)) -> 2018-Fa-Gec-120-76-242 | B182: =LEFT(C182,4) -> 2018 | C182: 2018 | D182: Fanatic | E182: Gecko LTD 120 | F182: 120 | G182: 76 | H182: 242 | K182: CF Composite Black 40 cm | L182: Up to 9.0 m2
A183: =_xlfn.CONCAT(B183,"-",LEFT(D183,2),"-",LEFT(E183,3),"-",F183,"-",TRUNC(G183),"-",TRUNC(H183)) -> 2018-Fa-Gec-120-76-242 | B183: =LEFT(C183,4) -> 2018 | C183: 2018 | D183: Fanatic | E183: Gecko Foil Edition 120 | F183: 120 | G183: 76 | H183: 242 | I183: BXF | J183: FOIL Tuttle Box | K183: CF Composite Black 42 cm | L183: Up to 9.0 m2
A184: =_xlfn.CONCAT(B184,"-",LEFT(D184,2),"-",LEFT(E184,3),"-",F184,"-",TRUNC(G184),"-",TRUNC(H184)) -> 2018-Fa-Gec-120-76-242 | B184: =LEFT(C184,4) -> 2018 | C184: 2018 | D184: Fanatic | E184: Gecko HRS 120 | F184: 120 | G184: 76 | H184: 242 | K184: CF White 40 cm | L184: Up to 9.0 m2
A185: =_xlfn.CONCAT(B185,"-",LEFT(D185,2),"-",LEFT(E185,3),"-",F185,"-",TRUNC(G185),"-",TRUNC(H185)) -> 2018-Fa-Gec-133-78-246 | B185: =LEFT(C185,4) -> 2018 | C185: 2018 | D185: Fanatic | E185: Gecko LTD 133 | F185: 133 | G185: 78 | H185: 246 | K185: CF Composite Black 42 cm | L185: Up to 9.5 m2
A186: =_xlfn.CONCAT(B186,"-",LEFT(D186,2),"-",LEFT(E186,3),"-",F186,"-",TRUNC(G186),"-",TRUNC(H186)) -> 2018-Fa-Gec-133-78-246 | B186: =LEFT(C186,4) -> 2018 | C186: 2018 | D186: Fanatic | E186: Gecko Foil Edition 133 | F186: 133 | G186: 78 | H186: 246 | K186: CF Composite Black 44 cm | L186: Up to 9.5 m2
A187: =_xlfn.CONCAT(B187,"-",LEFT(D187,2),"-",LEFT(E187,3),"-",F187,"-",TRUNC(G187),"-",TRUNC(H187)) -> 2018-Fa-Gec-133-78-246 | B187: =LEFT(C187,4) -> 2018 | C187: 2018 | D187: Fanatic | E187: Gecko HRS 133 | F187: 133 | G187: 78 | H187: 246 | K187: CF White 42 cm | L187: Up to 9.5 m2
A188: =_xlfn.CONCAT(B188,"-",LEFT(D188,2),"-",LEFT(E188,3),"-",F188,"-",TRUNC(G188),"-",TRUNC(H188)) -> 2018-Fa-Gec-146-83-250 | B188: =LEFT(C188,4) -> 2018 | C188: 2018 | D188: Fanatic | E188: Gecko LTD 146 | F188: 146 | G188: 83 | H188: 250 | K188: CF Composite Black 46 cm | L188: Up to 10 m2
A189: =_xlfn.CONCAT(B189,"-",LEFT(D189,2),"-",LEFT(E189,3),"-",F189,"-",TRUNC(G189),"-",TRUNC(H189)) -> 2018-Fa-Gec-146-83-250 | B189: =LEFT(C189,4) -> 2018 | C189: 2018 | D189: Fanatic | E189: Gecko HRS 146 | F189: 146 | G189: 83 | H189: 250 | K189: CF White 46 cm | L189: Up to 10 m2
A190: =_xlfn.CONCAT(B190,"-",LEFT(D190,2),"-",LEFT(E190,3),"-",F190,"-",TRUNC(G190),"-",TRUNC(H190)) -> 2018-Fa-Gec-156-85-252 | B190: =LEFT(C190,4) -> 2018 | C190: 2018 | D190: Fanatic | E190: Gecko HRS 156 + | F190: 156 | G190: 85 | H190: 252 | K190: CF White 48 cm | L190: Up to 11 m2
A191: =_xlfn.CONCAT(B191,"-",LEFT(D191,2),"-",LEFT(E191,3),"-",F191,"-",TRUNC(G191),"-",TRUNC(H191)) -> 2018-Fa-Gec-156-85-252 | B191: =LEFT(C191,4) -> 2018 | C191: 2018 | D191: Fanatic | E191: Gecko HRS 156 + Daggerboard | F191: 156 | G191: 85 | H191: 252 | K191: Fanatic Viper 34 & Daggerboard | L191: Up to 11 m2
A192: =_xlfn.CONCAT(B192,"-",LEFT(D192,2),"-",LEFT(E192,3),"-",F192,"-",TRUNC(G192),"-",TRUNC(H192)) -> 2018-Fa-Gec-98-63-239 | B192: =LEFT(C192,4) -> 2018 | C192: 2018 | D192: Fanatic | E192: Gecko LTD 98 | F192: 98 | G192: 63 | H192: 239 | I192: BXF | J192: Power Box | K192: CF Composite Black 34 cm | L192: Up to 7.5 m2
A193: =_xlfn.CONCAT(B193,"-",LEFT(D193,2),"-",LEFT(E193,3),"-",F193,"-",TRUNC(G193),"-",TRUNC(H193)) -> 2018-Fa-Gec-98-63-239 | B193: =LEFT(C193,4) -> 2018 | C193: 2018 | D193: Fanatic | E193: Gecko HRS 98 | F193: 98 | G193: 63 | H193: 239 | I193: HRS | J193: Power Box | K193: CF White 34 cm | L193: Up to 7.5 m2
A194: =_xlfn.CONCAT(B194,"-",LEFT(D194,2),"-",LEFT(E194,3),"-",F194,"-",TRUNC(G194),"-",TRUNC(H194)) -> 2018-Fa-Gri-68-54-220 | B194: =LEFT(C194,4) -> 2018 | C194: 2018 | D194: Fanatic | E194: Grip TE 68 | F194: 68 | G194: 54 | H194: 220 | I194: BXIC | J194: 4 × Slot Box | K194: CF 2 × 9 cm, 2 × 14cm | L194: Up to 5.0 m2
A195: =_xlfn.CONCAT(B195,"-",LEFT(D195,2),"-",LEFT(E195,3),"-",F195,"-",TRUNC(G195),"-",TRUNC(H195)) -> 2018-Fa-Gri-76-56-222 | B195: =LEFT(C195,4) -> 2018 | C195: 2018 | D195: Fanatic | E195: Grip TE 76 | F195: 76 | G195: 56 | H195: 222 | J195: 5 × Slot Box | K195: CF 2 × 9.5 cm, 2 × 14.5 cm | L195: Up to 5.3 m2
A196: =_xlfn.CONCAT(B196,"-",LEFT(D196,2),"-",LEFT(E196,3),"-",F196,"-",TRUNC(G196),"-",TRUNC(H196)) -> 2018-Fa-Gri-82-58-224 | B196: =LEFT(C196,4) -> 2018 | C196: 2018 | D196: Fanatic | E196: Grip TE 82 | F196: 82 | G196: 58 | H196: 224 | K196: CF 2 × 9.5 cm, 2 × 14.5 cm | L196: Up to 5.8 m2
A197: =_xlfn.CONCAT(B197,"-",LEFT(D197,2),"-",LEFT(E197,3),"-",F197,"-",TRUNC(G197),"-",TRUNC(H197)) -> 2018-Fa-Gri-89-59-226 | B197: =LEFT(C197,4) -> 2018 | C197: 2018 | D197: Fanatic | E197: Grip TE 89 | F197: 89 | G197: 59.5 | H197: 226 | K197: CF 2 × 10 cm, 2 × 14.5 cm | L197: Up to 6.2 m2
A198: =_xlfn.CONCAT(B198,"-",LEFT(D198,2),"-",LEFT(E198,3),"-",F198,"-",TRUNC(G198),"-",TRUNC(H198)) -> 2018-Fa-Gri-99-62-229 | B198: =LEFT(C198,4) -> 2018 | C198: 2018 | D198: Fanatic | E198: Grip TE 99 | F198: 99 | G198: 62 | H198: 229 | I198: 2 × Slot Box, C. US Box | J198: MFC TF Black 2 × 12cm, 19 cm | K198: Up to 6.5 m2
A199: =_xlfn.CONCAT(B199,"-",LEFT(D199,2),"-",LEFT(E199,3),"-",F199,"-",TRUNC(G199),"-",TRUNC(H199)) -> 2018-Fa-Rip-112-73-239 | B199: =LEFT(C199,4) -> 2018 | C199: 2018 | D199: Fanatic | E199: Ripper 112 | F199: 112 | G199: 73 | H199: 239 | I199: HRS | J199: Power Box | K199: Fanatic Ripper 30 & 39 | L199: Up to 8.0 m2
...

Sheet APPROVED SERIES PRODUCTION 
A1: ID | B1: Year | C1: MODEL YEAR | D1: BRAND | E1: MODEL | F1: Vol. | G1: Width | H1: Length | I1: Width_x000D_(mm) | J1: Length Straight_x000D_(mm) | K1: REGISTRATION DATE | L1: Weight_x000D_(Kg)
A2: =_xlfn.CONCAT(B2,"-",LEFT(D2,2),"-",LEFT(E2,3),"-",F2,"-",TRUNC(I2),"-",TRUNC(J2)) -> 2014-99-SL -89-578-2434 | B2: =LEFT(C2,4) -> 2014 | C2: 2014 | D2: 99 International | E2: SL 89 | F2: 89 | G2: =TRUNC(I2/10) -> 57 | H2: =TRUNC(J2/10) -> 243 | I2: 578 | J2: 2434 | K2: 2014 | L2: 6.5
A3: =_xlfn.CONCAT(B3,"-",LEFT(D3,2),"-",LEFT(E3,3),"-",F3,"-",TRUNC(I3),"-",TRUNC(J3)) -> 2014-99-SL -89-578-2434 | B3: =LEFT(C3,4) -> 2014 | C3: 2014 | D3: 99 International | E3: SL 89 NANO | F3: 89 | G3: =TRUNC(I3/10) -> 57 | H3: =TRUNC(J3/10) -> 243 | I3: 578 | J3: 2434 | K3: 2014 | L3: 5.9
A4: =_xlfn.CONCAT(B4,"-",LEFT(D4,2),"-",LEFT(E4,3),"-",F4,"-",TRUNC(I4),"-",TRUNC(J4)) -> 2014-99-SL -109-689-2352 | B4: =LEFT(C4,4) -> 2014 | C4: 2014 | D4: 99 International | E4: SL 109 | F4: 109 | G4: =TRUNC(I4/10) -> 68 | H4: =TRUNC(J4/10) -> 235 | I4: 689 | J4: 2352 | K4: 2014 | L4: 6.9
A5: =_xlfn.CONCAT(B5,"-",LEFT(D5,2),"-",LEFT(E5,3),"-",F5,"-",TRUNC(I5),"-",TRUNC(J5)) -> 2014-99-SL -109-689-2352 | B5: =LEFT(C5,4) -> 2014 | C5: 2014 | D5: 99 International | E5: SL 109 NANO | F5: 109 | G5: =TRUNC(I5/10) -> 68 | H5: =TRUNC(J5/10) -> 235 | I5: 689 | J5: 2352 | K5: 2014 | L5: 6.4
A6: =_xlfn.CONCAT(B6,"-",LEFT(D6,2),"-",LEFT(E6,3),"-",F6,"-",TRUNC(I6),"-",TRUNC(J6)) -> 2014-99-SL -119-765-2320 | B6: =LEFT(C6,4) -> 2014 | C6: 2014 | D6: 99 International | E6: SL 119 NANO | F6: 119 | G6: =TRUNC(I6/10) -> 76 | H6: =TRUNC(J6/10) -> 232 | I6: 765 | J6: 2320 | K6: 2014 | L6: 6.8
A7: =_xlfn.CONCAT(B7,"-",LEFT(D7,2),"-",LEFT(E7,3),"-",F7,"-",TRUNC(I7),"-",TRUNC(J7)) -> 2014-99-SL -129-850-2283 | B7: =LEFT(C7,4) -> 2014 | C7: 2014 | D7: 99 International | E7: SL 129 | F7: 129 | G7: =TRUNC(I7/10) -> 85 | H7: =TRUNC(J7/10) -> 228 | I7: 850 | J7: 2283 | K7: 2014 | L7: 7.5
A8: =_xlfn.CONCAT(B8,"-",LEFT(D8,2),"-",LEFT(E8,3),"-",F8,"-",TRUNC(I8),"-",TRUNC(J8)) -> 2014-99-SL -129-850-2283 | B8: =LEFT(C8,4) -> 2014 | C8: 2014 | D8: 99 International | E8: SL 129 NANO | F8: 129 | G8: =TRUNC(I8/10) -> 85 | H8: =TRUNC(J8/10) -> 228 | I8: 850 | J8: 2283 | K8: 2014 | L8: 7.3
A9: =_xlfn.CONCAT(B9,"-",LEFT(D9,2),"-",LEFT(E9,3),"-",F9,"-",TRUNC(I9),"-",TRUNC(J9)) -> 2015-99-WC -100-619-2332 | B9: =LEFT(C9,4) -> 2015 | C9: 2015 | D9: 99 International | E9: WC SL 95 | F9: 100 | G9: =TRUNC(I9/10) -> 61 | H9: =TRUNC(J9/10) -> 233 | I9: 619 | J9: 2332 | K9: 3/6/15 | L9: 5.9
A10: =_xlfn.CONCAT(B10,"-",LEFT(D10,2),"-",LEFT(E10,3),"-",F10,"-",TRUNC(I10),"-",TRUNC(J10)) -> 2015-99-WC -123.5-714-2330 | B10: =LEFT(C10,4) -> 2015 | C10: 2015 | D10: 99 International | E10: WC SL 115 | F10: 123.5 | G10: =TRUNC(I10/10) -> 71 | H10: =TRUNC(J10/10) -> 233 | I10: 714 | J10: 2330 | K10: 3/6/15 | L10: 6.3
A11: =_xlfn.CONCAT(B11,"-",LEFT(D11,2),"-",LEFT(E11,3),"-",F11,"-",TRUNC(I11),"-",TRUNC(J11)) -> 2015-99-WC -134.7-794-2265 | B11: =LEFT(C11,4) -> 2015 | C11: 2015 | D11: 99 International | E11: WC SL 125 | F11: 134.7 | G11: =TRUNC(I11/10) -> 79 | H11: =TRUNC(J11/10) -> 226 | I11: 794 | J11: 2265 | K11: 3/6/15 | L11: 6.3
A12: =_xlfn.CONCAT(B12,"-",LEFT(D12,2),"-",LEFT(E12,3),"-",F12,"-",TRUNC(I12),"-",TRUNC(J12)) -> 2015-99-WC -146.8-847-2265 | B12: =LEFT(C12,4) -> 2015 | C12: 2015 | D12: 99 International | E12: WC SL 135 | F12: 146.8 | G12: =TRUNC(I12/10) -> 84 | H12: =TRUNC(J12/10) -> 226 | I12: 847 | J12: 2265 | K12: 3/6/15 | L12: 7.3
A13: =_xlfn.CONCAT(B13,"-",LEFT(D13,2),"-",LEFT(E13,3),"-",F13,"-",TRUNC(I13),"-",TRUNC(J13)) -> 2016-99-WCS-90.7-579-2348 | B13: =LEFT(C13,4) -> 2016 | C13: 2016 | D13: 99 International | E13: WCSL 89 | F13: 90.7 | G13: =TRUNC(I13/10) -> 57 | H13: =TRUNC(J13/10) -> 234 | I13: 579 | J13: 2348 | K13: 12/04/2016 | L13: 5.8
... A29: =_xlfn.CONCAT(B29,"-",LEFT(D29,2),"-",LEFT(E29,3),"-",F29,"-",TRUNC(I29),"-",TRUNC(J29)) -> 2018-99-WCS-148.9-847-2285 | B29: =LEFT(C29,4) -> 2018 | C29: 2018 | D29: 99 International | E29: WCSL 139 | F29: 148.9 | G29: =TRUNC(I29/10) -> 84 | H29: =TRUNC(J29/10) -> 228 | I29: 847 | J29: 2285 | K29: 13/04/2018 | L29: 7.5
A30: =_xlfn.CONCAT(B30,"-",LEFT(D30,2),"-",LEFT(E30,3),"-",F30,"-",TRUNC(I30),"-",TRUNC(J30)) -> 2009-AB-Spe-63-470-2240 | B30: =LEFT(C30,4) -> 2009 | C30: 2009 | D30: AB+ | E30: Speed 46 | F30: 63 | G30: =TRUNC(I30/10) -> 47 | H30: =TRUNC(J30/10) -> 224 | I30: 470 | J30: 2240 | K30: 2008 | L30: 4.6
A31: =_xlfn.CONCAT(B31,"-",LEFT(D31,2),"-",LEFT(E31,3),"-",F31,"-",TRUNC(I31),"-",TRUNC(J31)) -> 2009-AB-Sla-78-540-2360 | B31: =LEFT(C31,4) -> 2009 | C31: 2009 | D31: AB+ | E31: Slalom 54 | F31: 78 | G31: =TRUNC(I31/10) -> 54 | H31: =TRUNC(J31/10) -> 236 | I31: 540 | J31: 2360 | K31: 2008 | L31: 5.4
A32: =_xlfn.CONCAT(B32,"-",LEFT(D32,2),"-",LEFT(E32,3),"-",F32,"-",TRUNC(I32),"-",TRUNC(J32)) -> 2009-AB-Sla-95-592-2370 | B32: =LEFT(C32,4) -> 2009 | C32: 2009 | D32: AB+ | E32: Slalom 59 | F32: 95 | G32: =TRUNC(I32/10) -> 59 | H32: =TRUNC(J32/10) -> 237 | I32: 592 | J32: 2370 | K32: 2008 | L32: 5.8
A33: =_xlfn.CONCAT(B33,"-",LEFT(D33,2),"-",LEFT(E33,3),"-",F33,"-",TRUNC(I33),"-",TRUNC(J33)) -> 2009-AB-Sla-110-666-2350 | B33: =LEFT(C33,4) -> 2009 | C33: 2009 | D33: AB+ | E33: Slalom 67 | F33: 110 | G33: =TRUNC(I33/10) -> 66 | H33: =TRUNC(J33/10) -> 235 | I33: 666 | J33: 2350 | K33: 2008 | L33: 6.4
A34: =_xlfn.CONCAT(B34,"-",LEFT(D34,2),"-",LEFT(E34,3),"-",F34,"-",TRUNC(I34),"-",TRUNC(J34)) -> 2009-AB-Sla-123-746-2350 | B34: =LEFT(C34,4) -> 2009 | C34: 2009 | D34: AB+ | E34: Slalom 76 | F34: 123 | G34: =TRUNC(I34/10) -> 74 | H34: =TRUNC(J34/10) -> 235 | I34: 746 | J34: 2350 | K34: 2008 | L34: 6.8
A35: =_xlfn.CONCAT(B35,"-",LEFT(D35,2),"-",LEFT(E35,3),"-",F35,"-",TRUNC(I35),"-",TRUNC(J35)) -> 1999-AH-DIA-168-720-2730 | B35: =LEFT(C35,4) -> 1999 | C35: 1999 | D35: AHD | E35: DIAMOND RACE 72 | F35: 168 | G35: =TRUNC(I35/10) -> 72 | H35: =TRUNC(J35/10) -> 273 | I35: 720 | J35: 2730 | K35: 99 | L35: 7.6
A36: =_xlfn.CONCAT(B36,"-",LEFT(D36,2),"-",LEFT(E36,3),"-",F36,"-",TRUNC(I36),"-",TRUNC(J36)) -> 2000-AH-DIA-169-790-2660 | B36: =LEFT(C36,4) -> 2000 | C36: 2000 | D36: AHD | E36: DIAMOND RACE 78 | F36: 169 | G36: =TRUNC(I36/10) -> 79 | H36: =TRUNC(J36/10) -> 266 | I36: 790 | J36: 2660 | K36: 00 | L36: 8.1
A37: =_xlfn.CONCAT(B37,"-",LEFT(D37,2),"-",LEFT(E37,3),"-",F37,"-",TRUNC(I37),"-",TRUNC(J37)) -> 2003-AH-GT -88-590-2470 | B37: =LEFT(C37,4) -> 2003 | C37: 2003 | D37: AHD | E37: GT SPECIAL 59 | F37: 88 | G37: =TRUNC(I37/10) -> 59 | H37: =TRUNC(J37/10) -> 247 | I37: 590 | J37: 2470 | K37: 03 | L37: 6.1
A38: =_xlfn.CONCAT(B38,"-",LEFT(D38,2),"-",LEFT(E38,3),"-",F38,"-",TRUNC(I38),"-",TRUNC(J38)) -> 2004-AH-GT -78-538-2423 | B38: =LEFT(C38,4) -> 2004 | C38: 2004 | D38: AHD | E38: GT SPECIAL 54 | F38: 78 | G38: =TRUNC(I38/10) -> 53 | H38: =TRUNC(J38/10) -> 242 | I38: 538 | J38: 2423 | K38: 04 | L38: 5.6
A39: =_xlfn.CONCAT(B39,"-",LEFT(D39,2),"-",LEFT(E39,3),"-",F39,"-",TRUNC(I39),"-",TRUNC(J39)) -> 2004-AH-GT -120-735-2578 | B39: =LEFT(C39,4) -> 2004 | C39: 2004 | D39: AHD | E39: GT SPECIAL 73 | F39: 120 | G39: =TRUNC(I39/10) -> 73 | H39: =TRUNC(J39/10) -> 257 | I39: 735 | J39: 2578 | K39: 04 | L39: 7.3
A40: =_xlfn.CONCAT(B40,"-",LEFT(D40,2),"-",LEFT(E40,3),"-",F40,"-",TRUNC(I40),"-",TRUNC(J40)) -> 2002-AH-DIA-124-744-2598 | B40: =LEFT(C40,4) -> 2002 | C40: 2002 | D40: AHD | E40: DIAMOND GT 75 | F40: 124 | G40: =TRUNC(I40/10) -> 74 | H40: =TRUNC(J40/10) -> 259 | I40: 744 | J40: 2598 | K40: 02 | L40: 7.3
A41: =_xlfn.CONCAT(B41,"-",LEFT(D41,2),"-",LEFT(E41,3),"-",F41,"-",TRUNC(I41),"-",TRUNC(J41)) -> 2002-AH-DIA-144-841-2600 | B41: =LEFT(C41,4) -> 2002 | C41: 2002 | D41: AHD | E41: DIAMOND GT 85 | F41: 144 | G41: =TRUNC(I41/10) -> 84 | H41: =TRUNC(J41/10) -> 260 | I41: 841 | J41: 2600 | K41: 02 | L41: 8.1
A42: =_xlfn.CONCAT(B42,"-",LEFT(D42,2),"-",LEFT(E42,3),"-",F42,"-",TRUNC(I42),"-",TRUNC(J42)) -> 2005-AH-GT -110-655-2480 | B42: =LEFT(C42,4) -> 2005 | C42: 2005 | D42: AHD | E42: GT SPECIAL 110 | F42: 110 | G42: =TRUNC(I42/10) -> 65 | H42: =TRUNC(J42/10) -> 248 | I42: 655 | J42: 2480 | K42: 04 | L42: 6.3
A43: =_xlfn.CONCAT(B43,"-",LEFT(D43,2),"-",LEFT(E43,3),"-",F43,"-",TRUNC(I43),"-",TRUNC(J43)) -> 2006-AH-TRA-67-500-2339 | B43: =LEFT(C43,4) -> 2006 | C43: 2006 | D43: AHD | E43: TRACER 68 | F43: 67 | G43: =TRUNC(I43/10) -> 50 | H43: =TRUNC(J43/10) -> 233 | I43: 500 | J43: 2339 | K43: 06 | L43: 5.4
A44: =_xlfn.CONCAT(B44,"-",LEFT(D44,2),"-",LEFT(E44,3),"-",F44,"-",TRUNC(I44),"-",TRUNC(J44)) -> 2006-AH-TRA-76-548-2336 | B44: =LEFT(C44,4) -> 2006 | C44: 2006 | D44: AHD | E44: TRACER 79 | F44: 76 | G44: =TRUNC(I44/10) -> 54 | H44: =TRUNC(J44/10) -> 233 | I44: 548 | J44: 2336 | K44: 06 | L44: 5.7
A45: =_xlfn.CONCAT(B45,"-",LEFT(D45,2),"-",LEFT(E45,3),"-",F45,"-",TRUNC(I45),"-",TRUNC(J45)) -> 2006-AH-TRA-82-601-2362 | B45: =LEFT(C45,4) -> 2006 | C45: 2006 | D45: AHD | E45: TRACER 90 | F45: 82 | G45: =TRUNC(I45/10) -> 60 | H45: =TRUNC(J45/10) -> 236 | I45: 601 | J45: 2362 | K45: 06 | L45: 6
A46: =_xlfn.CONCAT(B46,"-",LEFT(D46,2),"-",LEFT(E46,3),"-",F46,"-",TRUNC(I46),"-",TRUNC(J46)) -> 2006-AH-TRA-113-709-2493 | B46: =LEFT(C46,4) -> 2006 | C46: 2006 | D46: AHD | E46: TRACER 113 | F46: 113 | G46: =TRUNC(I46/10) -> 70 | H46: =TRUNC(J46/10) -> 249 | I46: 709 | J46: 2493 | K46: 06 | L46: 7
... A61: =_xlfn.CONCAT(B61,"-",LEFT(D61,2),"-",LEFT(E61,3),"-",F61,"-",TRUNC(I61),"-",TRUNC(J61)) -> 2017-AH-SL3-128-815-2290 | B61: =LEFT(C61,4) -> 2017 | C61: 2017 | D61: AHD | E61: SL3 128 | F61: 128 | G61: =TRUNC(I61/10) -> 81 | H61: =TRUNC(J61/10) -> 229 | I61: 815 | J61: 2290 | K61: 10/7/17 | L61: 7
A62: =_xlfn.CONCAT(B62,"-",LEFT(D62,2),"-",LEFT(E62,3),"-",F62,"-",TRUNC(I62),"-",TRUNC(J62)) -> 1999-AH-DIA-83-540-2590 | B62: =LEFT(C62,4) -> 1999 | C62: 1999 | D62: AHD | E62: DIAMOND SLALOM 54 | F62: 83 | G62: =TRUNC(I62/10) -> 54 | H62: =TRUNC(J62/10) -> 259 | I62: 540 | J62: 2590 | K62: 1999 | L62: 6.2
A63: =_xlfn.CONCAT(B63,"-",LEFT(D63,2),"-",LEFT(E63,3),"-",F63,"-",TRUNC(I63),"-",TRUNC(J63)) -> 1999-AH-DIA-95-590-2640 | B63: =LEFT(C63,4) -> 1999 | C63: 1999 | D63: AHD | E63: DIAMOND SLALOM 58 | F63: 95 | G63: =TRUNC(I63/10) -> 59 | H63: =TRUNC(J63/10) -> 264 | I63: 590 | J63: 2640 | K63: 1999 | L63: 6.4
A64: =_xlfn.CONCAT(B64,"-",LEFT(D64,2),"-",LEFT(E64,3),"-",F64,"-",TRUNC(I64),"-",TRUNC(J64)) -> 1999-AH-DIA-145-670-2740 | B64: =LEFT(C64,4) -> 1999 | C64: 1999 | D64: AHD | E64: DIAMOND RACE 67 | F64: 145 | G64: =TRUNC(I64/10) -> 67 | H64: =TRUNC(J64/10) -> 274 | I64: 670 | J64: 2740 | K64: 1999 | L64: 7.2
A65: =_xlfn.CONCAT(B65,"-",LEFT(D65,2),"-",LEFT(E65,3),"-",F65,"-",TRUNC(I65),"-",TRUNC(J65)) -> 2010-AN-Mag-99-617-2382 | B65: =LEFT(C65,4) -> 2010 | C65: 2010 | D65: ANGULO | E65: Magnum 62 | F65: 99 | G65: =TRUNC(I65/10) -> 61 | H65: =TRUNC(J65/10) -> 238 | I65: 617 | J65: 2382 | K65: 09 | L65: 5.9
A66: =_xlfn.CONCAT(B66,"-",LEFT(D66,2),"-",LEFT(E66,3),"-",F66,"-",TRUNC(I66),"-",TRUNC(J66)) -> 2010-AN-Mag-130-728-2426 | B66: =LEFT(C66,4) -> 2010 | C66: 2010 | D66: ANGULO | E66: Magnum72 | F66: 130 | G66: =TRUNC(I66/10) -> 72 | H66: =TRUNC(J66/10) -> 242 | I66: 728 | J66: 2426 | K66: 09 | L66: 6.6
A67: =_xlfn.CONCAT(B67,"-",LEFT(D67,2),"-",LEFT(E67,3),"-",F67,"-",TRUNC(I67),"-",TRUNC(J67)) -> 2010-AN-Mag-152-837-2436 | B67: =LEFT(C67,4) -> 2010 | C67: 2010 | D67: ANGULO | E67: Magnum 82 | F67: 152 | G67: =TRUNC(I67/10) -> 83 | H67: =TRUNC(J67/10) -> 243 | I67: 837 | J67: 2436 | K67: 10 | L67: 7.1
A68: =_xlfn.CONCAT(B68,"-",LEFT(D68,2),"-",LEFT(E68,3),"-",F68,"-",TRUNC(I68),"-",TRUNC(J68)) -> 2011-AN-Mag-98-590-2380 | B68: =LEFT(C68,4) -> 2011 | C68: 2011 | D68: ANGULO | E68: Magnum 60 | F68: 98 | G68: =TRUNC(I68/10) -> 59 | H68: =TRUNC(J68/10) -> 238 | I68: 590 | J68: 2380 | K68: 11 | L68: 6.12
A69: =_xlfn.CONCAT(B69,"-",LEFT(D69,2),"-",LEFT(E69,3),"-",F69,"-",TRUNC(I69),"-",TRUNC(J69)) -> 2011-AN-Mag-116-700-2400 | B69: =LEFT(C69,4) -> 2011 | C69: 2011 | D69: ANGULO | E69: Magnum 71 | F69: 116 | G69: =TRUNC(I69/10) -> 70 | H69: =TRUNC(J69/10) -> 240 | I69: 700 | J69: 2400 | K69: 11 | L69: 6.62
A70: =_xlfn.CONCAT(B70,"-",LEFT(D70,2),"-",LEFT(E70,3),"-",F70,"-",TRUNC(I70),"-",TRUNC(J70)) -> 2011-AN-Mag-135-844-2364 | B70: =LEFT(C70,4) -> 2011 | C70: 2011 | D70: ANGULO | E70: Magnum 84 | F70: 135 | G70: =TRUNC(I70/10) -> 84 | H70: =TRUNC(J70/10) -> 236 | I70: 844 | J70: 2364 | K70: 11 | L70: 7.61
A71: =_xlfn.CONCAT(B71,"-",LEFT(D71,2),"-",LEFT(E71,3),"-",F71,"-",TRUNC(I71),"-",TRUNC(J71)) -> 2013-AN-Mag-98-598-2380 | B71: =LEFT(C71,4) -> 2013 | C71: 2013 | D71: ANGULO | E71: Magnum 90 | F71: 98 | G71: =TRUNC(I71/10) -> 59 | H71: =TRUNC(J71/10) -> 238 | I71: 598 | J71: 2380 | K71: 13 | L71: 6
A72: =_xlfn.CONCAT(B72,"-",LEFT(D72,2),"-",LEFT(E72,3),"-",F72,"-",TRUNC(I72),"-",TRUNC(J72)) -> 2013-AN-Mag-116-700-2400 | B72: =LEFT(C72,4) -> 2013 | C72: 2013 | D72: ANGULO | E72: Magnum 112 | F72: 116 | G72: =TRUNC(I72/10) -> 70 | H72: =TRUNC(J72/10) -> 240 | I72: 700 | J72: 2400 | K72: 13 | L72: 6.4
A73: =_xlfn.CONCAT(B73,"-",LEFT(D73,2),"-",LEFT(E73,3),"-",F73,"-",TRUNC(I73),"-",TRUNC(J73)) -> 2013-AN-Mag-135-844-2364 | B73: =LEFT(C73,4) -> 2013 | C73: 2013 | D73: ANGULO | E73: Magnum 132 | F73: 135 | G73: =TRUNC(I73/10) -> 84 | H73: =TRUNC(J73/10) -> 236 | I73: 844 | J73: 2364 | K73: 13 | L73: 7.2
A74: =_xlfn.CONCAT(B74,"-",LEFT(D74,2),"-",LEFT(E74,3),"-",F74,"-",TRUNC(I74),"-",TRUNC(J74)) -> 2014-AN-Mag-100-598-2380 | B74: =LEFT(C74,4) -> 2014 | C74: 2014 | D74: ANGULO | E74: Magnum 95 | F74: 100 | G74: =TRUNC(I74/10) -> 59 | H74: =TRUNC(J74/10) -> 238 | I74: 598 | J74: 2380 | K74: 2014 | L74: 6.6
A75: =_xlfn.CONCAT(B75,"-",LEFT(D75,2),"-",LEFT(E75,3),"-",F75,"-",TRUNC(I75),"-",TRUNC(J75)) -> 2014-AN-Mag-122-712-2390 | B75: =LEFT(C75,4) -> 2014 | C75: 2014 | D75: ANGULO | E75: Magnum 115 | F75: 122 | G75: =TRUNC(I75/10) -> 71 | H75: =TRUNC(J75/10) -> 239 | I75: 712 | J75: 2390 | K75: 2014 | L75: 7
A76: =_xlfn.CONCAT(B76,"-",LEFT(D76,2),"-",LEFT(E76,3),"-",F76,"-",TRUNC(I76),"-",TRUNC(J76)) -> 2014-AN-Mag-142-847-2330 | B76: =LEFT(C76,4) -> 2014 | C76: 2014 | D76: ANGULO | E76: Magnum 135 | F76: 142 | G76: =TRUNC(I76/10) -> 84 | H76: =TRUNC(J76/10) -> 233 | I76: 847 | J76: 2330 | K76: 2014 | L76: 7.2
... A148: =_xlfn.CONCAT(B148,"-",LEFT(D148,2),"-",LEFT(E148,3),"-",F148,"-",TRUNC(I148),"-",TRUNC(J148)) -> 2012-DR-KRA-128-780-2265 | B148: =LEFT(C148,4) -> 2012 | C148: 2012 | D148: DROPS | E148: KRANZ 67 | F148: 128 | G148: =TRUNC(I148/10) -> 78 | H148: =TRUNC(J148/10) -> 226 | I148: 780 | J148: 2265 | K148: 12 | L148: 6.6
A149: =_xlfn.CONCAT(B149,"-",LEFT(D149,2),"-",LEFT(E149,3),"-",F149,"-",TRUNC(I149),"-",TRUNC(J149)) -> #VALUE! | B149: =LEFT(C149,4) -> 2012 | C149: 2012 | D149: DROPS | E149: KRANZ 80 | F149: 128 | G149: =TRUNC(I149/10) -> #VALUE! | H149: =TRUNC(J149/10) -> 226 | J149: 2265 | K149: 12 | L149: 6.6
A150: =_xlfn.CONCAT(B150,"-",LEFT(D150,2),"-",LEFT(E150,3),"-",F150,"-",TRUNC(I150),"-",TRUNC(J150)) -> 2024-Du-Fal-173-850-2080 | B150: =LEFT(C150,4) -> 2024 | C150: 2024 | D150: Duotone | E150: Falcon Foil 169 | F150: 173 | G150: =TRUNC(I150/10) -> 85 | H150: =TRUNC(J150/10) -> 208 | I150: 850 | J150: 2080 | K150: 06/02/2024 | L150: 8.8
A151: =_xlfn.CONCAT(B151,"-",LEFT(D151,2),"-",LEFT(E151,3),"-",F151,"-",TRUNC(I151),"-",TRUNC(J151)) -> 2024-Du-Fal-89-601-2319 | B151: =LEFT(C151,4) -> 2024 | C151: 2024 | D151: Duotone | E151: Falcon Slalom 90 | F151: 89 | G151: =TRUNC(I151/10) -> 60 | H151: =TRUNC(J151/10) -> 231 | I151: 601 | J151: 2319 | K151: 06/02/2024 | L151: 6.1
A152: =_xlfn.CONCAT(B152,"-",LEFT(D152,2),"-",LEFT(E152,3),"-",F152,"-",TRUNC(I152),"-",TRUNC(J152)) -> 2024-Du-Fal-96-630-2319 | B152: =LEFT(C152,4) -> 2024 | C152: 2024 | D152: Duotone | E152: Falcon Slalom 99 | F152: 96 | G152: =TRUNC(I152/10) -> 63 | H152: =TRUNC(J152/10) -> 231 | I152: 630 | J152: 2319 | K152: 06/02/2024 | L152: 6.5
A153: =_xlfn.CONCAT(B153,"-",LEFT(D153,2),"-",LEFT(E153,3),"-",F153,"-",TRUNC(I153),"-",TRUNC(J153)) -> 2024-Du-Fal-110-685-2320 | B153: =LEFT(C153,4) -> 2024 | C153: 2024 | D153: Duotone | E153: Falcon Slalom 107 | F153: 110 | G153: =TRUNC(I153/10) -> 68 | H153: =TRUNC(J153/10) -> 232 | I153: 685 | J153: 2320 | K153: 06/02/2024 | L153: 6.5
A154: =_xlfn.CONCAT(B154,"-",LEFT(D154,2),"-",LEFT(E154,3),"-",F154,"-",TRUNC(I154),"-",TRUNC(J154)) -> 2024-Du-Fal-117-715-2294 | B154: =LEFT(C154,4) -> 2024 | C154: 2024 | D154: Duotone | E154: Falcon Slalom 116 | F154: 117 | G154: =TRUNC(I154/10) -> 71 | H154: =TRUNC(J154/10) -> 229 | I154: 715 | J154: 2294 | K154: 06/02/2024 | L154: 6.6
A155: =_xlfn.CONCAT(B155,"-",LEFT(D155,2),"-",LEFT(E155,3),"-",F155,"-",TRUNC(I155),"-",TRUNC(J155)) -> 2024-Du-Fal-133-800-2295 | B155: =LEFT(C155,4) -> 2024 | C155: 2024 | D155: Duotone | E155: Falcon Slalom 130 | F155: 133 | G155: =TRUNC(I155/10) -> 80 | H155: =TRUNC(J155/10) -> 229 | I155: 800 | J155: 2295 | K155: 06/02/2024 | L155: 7.2
A156: =_xlfn.CONCAT(B156,"-",LEFT(D156,2),"-",LEFT(E156,3),"-",F156,"-",TRUNC(I156),"-",TRUNC(J156)) -> 2024-Du-Fal-138-847-2279 | B156: =LEFT(C156,4) -> 2024 | C156: 2024 | D156: Duotone | E156: Falcon Slalom 140 | F156: 138 | G156: =TRUNC(I156/10) -> 84 | H156: =TRUNC(J156/10) -> 227 | I156: 847 | J156: 2279 | K156: 06/02/2024 | L156: 7.6
A157: =_xlfn.CONCAT(B157,"-",LEFT(D157,2),"-",LEFT(E157,3),"-",F157,"-",TRUNC(I157),"-",TRUNC(J157)) -> 2025-Du-Fal-173-850-2050 | B157: =LEFT(C157,4) -> 2025 | C157: 2025 | D157: Duotone | E157: Falcon Foil 169 | F157: 173 | G157: =TRUNC(I157/10) -> 85 | H157: =TRUNC(J157/10) -> 205 | I157: 850 | J157: 2050 | K157: 13/03/2025 | L157: 8.8
A158: =_xlfn.CONCAT(B158,"-",LEFT(D158,2),"-",LEFT(E158,3),"-",F158,"-",TRUNC(I158),"-",TRUNC(J158)) -> 2026-Du-Fal-89-602-2269 | B158: =LEFT(C158,4) -> 2026 | C158: 2026 | D158: Duotone | E158: Falcon Fin 89 | F158: 89 | G158: =TRUNC(I158/10) -> 60 | H158: =TRUNC(J158/10) -> 226 | I158: 602 | J158: 2269 | K158: 05/08/2025 | L158: 89
A159: =_xlfn.CONCAT(B159,"-",LEFT(D159,2),"-",LEFT(E159,3),"-",F159,"-",TRUNC(I159),"-",TRUNC(J159)) -> 2026-Du-Fal-98-632-2271 | B159: =LEFT(C159,4) -> 2026 | C159: 2026 | D159: Duotone | E159: Falcon Fin 98 | F159: 98 | G159: =TRUNC(I159/10) -> 63 | H159: =TRUNC(J159/10) -> 227 | I159: 632 | J159: 2271 | K159: 05/08/2025 | L159: 98
A160: =_xlfn.CONCAT(B160,"-",LEFT(D160,2),"-",LEFT(E160,3),"-",F160,"-",TRUNC(I160),"-",TRUNC(J160)) -> 2026-Du-Fal-111-680-2263 | B160: =LEFT(C160,4) -> 2026 | C160: 2026 | D160: Duotone | E160: Falcon Fin 111 | F160: 111 | G160: =TRUNC(I160/10) -> 68 | H160: =TRUNC(J160/10) -> 226 | I160: 680 | J160: 2263 | K160: 05/08/2025 | L160: 111
A161: =_xlfn.CONCAT(B161,"-",LEFT(D161,2),"-",LEFT(E161,3),"-",F161,"-",TRUNC(I161),"-",TRUNC(J161)) -> 2026-Du-Fal-118-719-2264 | B161: =LEFT(C161,4) -> 2026 | C161: 2026 | D161: Duotone | E161: Falcon Fin 118 | F161: 118 | G161: =TRUNC(I161/10) -> 71 | H161: =TRUNC(J161/10) -> 226 | I161: 719 | J161: 2264 | K161: 05/08/2025 | L161: 118
... A701: =_xlfn.CONCAT(B701,"-",LEFT(D701,2),"-",LEFT(E701,3),"-",F701,"-",TRUNC(I701),"-",TRUNC(J701)) -> 2015-JP-Sla-137-852-2294 | B701: =LEFT(C701,4) -> 2015 | C701: 2015 | D701: JP-AUS. | E701: Slalom PRO 85 | F701: 137 | G701: =TRUNC(I701/10) -> 85 | H701: =TRUNC(J701/10) -> 229 | I701: 852 | J701: 2294 | K701: 2014 | L701: 7
A702: =_xlfn.CONCAT(B702,"-",LEFT(D702,2),"-",LEFT(E702,3),"-",F702,"-",TRUNC(I702),"-",TRUNC(J702)) -> #VALUE! | B702: =LEFT(C702,4) -> 2016 | C702: 2016 | D702: JP-AUS. | E702: Slalom PRO 60 | F702: 94 | G702: =TRUNC(I702/10) -> 60 | H702: =TRUNC(J702/10) -> #VALUE! | I702: 600 | J702: LAR* 2360 | K702: 12/10/15 | L702: 5.7
A703: =_xlfn.CONCAT(B703,"-",LEFT(D703,2),"-",LEFT(E703,3),"-",F703,"-",TRUNC(I703),"-",TRUNC(J703)) -> #VALUE! | B703: =LEFT(C703,4) -> 2016 | C703: 2016 | D703: JP-AUS. | E703: Slalom PRO 62 | F703: 96 | G703: =TRUNC(I703/10) -> 62 | H703: =TRUNC(J703/10) -> #VALUE! | I703: 621 | J703: LAR* 2316 | K703: 12/10/15 | L703: 5.7
A704: =_xlfn.CONCAT(B704,"-",LEFT(D704,2),"-",LEFT(E704,3),"-",F704,"-",TRUNC(I704),"-",TRUNC(J704)) -> #VALUE! | B704: =LEFT(C704,4) -> 2016 | C704: 2016 | D704: JP-AUS. | E704: Slalom PRO 71 | F704: 113 | G704: =TRUNC(I704/10) -> 71 | H704: =TRUNC(J704/10) -> #VALUE! | I704: 712 | J704: LAR* 2316 | K704: 12/10/15 | L704: 6.4
A705: =_xlfn.CONCAT(B705,"-",LEFT(D705,2),"-",LEFT(E705,3),"-",F705,"-",TRUNC(I705),"-",TRUNC(J705)) -> #VALUE! | B705: =LEFT(C705,4) -> 2016 | C705: 2016 | D705: JP-AUS. | E705: Slalom PRO 82 | F705: 123 | G705: =TRUNC(I705/10) -> 82 | H705: =TRUNC(J705/10) -> #VALUE! | I705: 820 | J705: LAR* 2279 | K705: 12/10/15 | L705: 6.9
A706: =_xlfn.CONCAT(B706,"-",LEFT(D706,2),"-",LEFT(E706,3),"-",F706,"-",TRUNC(I706),"-",TRUNC(J706)) -> #VALUE! | B706: =LEFT(C706,4) -> 2016 | C706: 2016 | D706: JP-AUS. | E706: Slalom PRO 85 | F706: 132 | G706: =TRUNC(I706/10) -> 84 | H706: =TRUNC(J706/10) -> #VALUE! | I706: 848 | J706: LAR* 2276 | K706: 12/10/15 | L706: 7
A707: =_xlfn.CONCAT(B707,"-",LEFT(D707,2),"-",LEFT(E707,3),"-",F707,"-",TRUNC(I707),"-",TRUNC(J707)) -> 2017-JP-Sla-78-551-2332 | B707: =LEFT(C707,4) -> 2017 | C707: 2017 | D707: JP-AUS. | E707: Slalom 55 PRO | F707: 78 | G707: =TRUNC(I707/10) -> 55 | H707: =TRUNC(J707/10) -> 233 | I707: 551 | J707: 2332 | K707: 17/02/2017 | L707: 5.5
A708: =_xlfn.CONCAT(B708,"-",LEFT(D708,2),"-",LEFT(E708,3),"-",F708,"-",TRUNC(I708),"-",TRUNC(J708)) -> 2017-JP-Sla-88-601-2330 | B708: =LEFT(C708,4) -> 2017 | C708: 2017 | D708: JP-AUS. | E708: Slalom 60 PRO | F708: 88 | G708: =TRUNC(I708/10) -> 60 | H708: =TRUNC(J708/10) -> 233 | I708: 601 | J708: 2330 | K708: 17/02/2017 | L708: 5.7
A709: =_xlfn.CONCAT(B709,"-",LEFT(D709,2),"-",LEFT(E709,3),"-",F709,"-",TRUNC(I709),"-",TRUNC(J709)) -> 2017-JP-Sla-92-620-2333 | B709: =LEFT(C709,4) -> 2017 | C709: 2017 | D709: JP-AUS. | E709: Slalom 62 PRO | F709: 92 | G709: =TRUNC(I709/10) -> 62 | H709: =TRUNC(J709/10) -> 233 | I709: 620 | J709: 2333 | K709: 17/02/2017 | L709: 5.8
A710: =_xlfn.CONCAT(B710,"-",LEFT(D710,2),"-",LEFT(E710,3),"-",F710,"-",TRUNC(I710),"-",TRUNC(J710)) -> 2017-JP-Sla-104-680-2323 | B710: =LEFT(C710,4) -> 2017 | C710: 2017 | D710: JP-AUS. | E710: Slalom 68 PRO | F710: 104 | G710: =TRUNC(I710/10) -> 68 | H710: =TRUNC(J710/10) -> 232 | I710: 680 | J710: 2323 | K710: 17/02/2017 | L710: 6.2
A711: =_xlfn.CONCAT(B711,"-",LEFT(D711,2),"-",LEFT(E711,3),"-",F711,"-",TRUNC(I711),"-",TRUNC(J711)) -> 2017-JP-Sla-113-712-2316 | B711: =LEFT(C711,4) -> 2017 | C711: 2017 | D711: JP-AUS. | E711: Slalom 71 PRO | F711: 113 | G711: =TRUNC(I711/10) -> 71 | H711: =TRUNC(J711/10) -> 231 | I711: 712 | J711: 2316 | K711: 17/02/2017 | L711: 6.4
A712: =_xlfn.CONCAT(B712,"-",LEFT(D712,2),"-",LEFT(E712,3),"-",F712,"-",TRUNC(I712),"-",TRUNC(J712)) -> 2017-JP-Sla-121-822-2277 | B712: =LEFT(C712,4) -> 2017 | C712: 2017 | D712: JP-AUS. | E712: Slalom 82 PRO | F712: 121 | G712: =TRUNC(I712/10) -> 82 | H712: =TRUNC(J712/10) -> 227 | I712: 822 | J712: 2277 | K712: 17/02/2017 | L712: 6.9
A713: =_xlfn.CONCAT(B713,"-",LEFT(D713,2),"-",LEFT(E713,3),"-",F713,"-",TRUNC(I713),"-",TRUNC(J713)) -> 2017-JP-Sla-131-850-2279 | B713: =LEFT(C713,4) -> 2017 | C713: 2017 | D713: JP-AUS. | E713: Slalom 85 PRO | F713: 131 | G713: =TRUNC(I713/10) -> 85 | H713: =TRUNC(J713/10) -> 227 | I713: 850 | J713: 2279 | K713: 17/02/2017 | L713: 7.2
A714: =_xlfn.CONCAT(B714,"-",LEFT(D714,2),"-",LEFT(E714,3),"-",F714,"-",TRUNC(I714),"-",TRUNC(J714)) -> 2018-JP-Sla-112-709-2280 | B714: =LEFT(C714,4) -> 2018 | C714: 2018 | D714: JP-AUS. | E714: Slalom 71 PRO | F714: 112 | G714: =TRUNC(I714/10) -> 70 | H714: =TRUNC(J714/10) -> 228 | I714: 709 | J714: 2280 | K714: 04/05/2018 | L714: 6.4
A715: =_xlfn.CONCAT(B715,"-",LEFT(D715,2),"-",LEFT(E715,3),"-",F715,"-",TRUNC(I715),"-",TRUNC(J715)) -> 2018-JP-Sla-144-849-2274 | B715: =LEFT(C715,4) -> 2018 | C715: 2018 | D715: JP-AUS. | E715: Slalom 85 PRO | F715: 144 | G715: =TRUNC(I715/10) -> 84 | H715: =TRUNC(J715/10) -> 227 | I715: 849 | J715: 2274 | K715: 04/05/2018 | L715: 7.4
A716: =_xlfn.CONCAT(B716,"-",LEFT(D716,2),"-",LEFT(E716,3),"-",F716,"-",TRUNC(I716),"-",TRUNC(J716)) -> 2018-JP-Hyd-136-856-2149 | B716: =LEFT(C716,4) -> 2018 | C716: 2018 | D716: JP-AUS. | E716: Hydrofoil 135 | F716: 136 | G716: =TRUNC(I716/10) -> 85 | H716: =TRUNC(J716/10) -> 214 | I716: 856 | J716: 2149 | K716: 18/05/18 | L716: 7.8
A717: =_xlfn.CONCAT(B717,"-",LEFT(D717,2),"-",LEFT(E717,3),"-",F717,"-",TRUNC(I717),"-",TRUNC(J717)) -> 2018-JP-Hyd-154-910-2137 | B717: =LEFT(C717,4) -> 2018 | C717: 2018 | D717: JP-AUS. | E717: Hydrofoil 150 | F717: 154 | G717: =TRUNC(I717/10) -> 91 | H717: =TRUNC(J717/10) -> 213 | I717: 910 | J717: 2137 | K717: 18/05/18 | L717: 8.5
A718: =_xlfn.CONCAT(B718,"-",LEFT(D718,2),"-",LEFT(E718,3),"-",F718,"-",TRUNC(I718),"-",TRUNC(J718)) -> 2019-JP-Sla-95-620-2325 | B718: =LEFT(C718,4) -> 2019 | C718: 2019 | D718: JP-AUS. | E718: Slalom 62 PRO | F718: 95 | G718: =TRUNC(I718/10) -> 62 | H718: =TRUNC(J718/10) -> 232 | I718: 620 | J718: 2325 | K718: 02/04/2019 | L718: 5.9
... A920: =_xlfn.CONCAT(B920,"-",LEFT(D920,2),"-",LEFT(E920,3),"-",F920,"-",TRUNC(I920),"-",TRUNC(J920)) -> 98/9-RR-313-180-750-3090 | B920: =LEFT(C920,4) -> 98/9 | C920: 98/99 | D920: RRD | E920: 313 LUCKYSTRIPE | F920: 180 | G920: =TRUNC(I920/10) -> 75 | H920: =TRUNC(J920/10) -> 309 | I920: 750 | J920: 3090 | K920: 98 | L920: 7.8
A921: =_xlfn.CONCAT(B921,"-",LEFT(D921,2),"-",LEFT(E921,3),"-",F921,"-",TRUNC(I921),"-",TRUNC(J921)) -> 98/9-RR-270-108-580-2680 | B921: =LEFT(C921,4) -> 98/9 | C921: 98/99 | D921: RRD | E921: 270 FREESTYLE | F921: 108 | G921: =TRUNC(I921/10) -> 58 | H921: =TRUNC(J921/10) -> 268 | I921: 580 | J921: 2680 | K921: 98 | L921: 5,8
A922: =_xlfn.CONCAT(B922,"-",LEFT(D922,2),"-",LEFT(E922,3),"-",F922,"-",TRUNC(I922),"-",TRUNC(J922)) -> 1999-RR-278-84-550-2750 | B922: =LEFT(C922,4) -> 1999 | C922: 1999 | D922: RRD | E922: 278 AVANT SLALOM | F922: 84 | G922: =TRUNC(I922/10) -> 55 | H922: =TRUNC(J922/10) -> 275 | I922: 550 | J922: 2750 | K922: 99 | L922: 5.4
A923: =_xlfn.CONCAT(B923,"-",LEFT(D923,2),"-",LEFT(E923,3),"-",F923,"-",TRUNC(I923),"-",TRUNC(J923)) -> 2005-RR-SPI-90-563-2307 | B923: =LEFT(C923,4) -> 2005 | C923: 2005 | D923: RRD | E923: SPITFIRE 90 | F923: 90 | G923: =TRUNC(I923/10) -> 56 | H923: =TRUNC(J923/10) -> 230 | I923: 563 | J923: 2307 | K923: 05 | L923: 5.7
A924: =_xlfn.CONCAT(B924,"-",LEFT(D924,2),"-",LEFT(E924,3),"-",F924,"-",TRUNC(I924),"-",TRUNC(J924)) -> 2005-RR-SPI-102-604-2309 | B924: =LEFT(C924,4) -> 2005 | C924: 2005 | D924: RRD | E924: SPITFIRE 102 | F924: 102 | G924: =TRUNC(I924/10) -> 60 | H924: =TRUNC(J924/10) -> 230 | I924: 604 | J924: 2309 | K924: 05 | L924: 6
A925: =_xlfn.CONCAT(B925,"-",LEFT(D925,2),"-",LEFT(E925,3),"-",F925,"-",TRUNC(I925),"-",TRUNC(J925)) -> 2005-RR-SPI-116-640-2351 | B925: =LEFT(C925,4) -> 2005 | C925: 2005 | D925: RRD | E925: SPITFIRE 116 | F925: 116 | G925: =TRUNC(I925/10) -> 64 | H925: =TRUNC(J925/10) -> 235 | I925: 640 | J925: 2351 | K925: 05 | L925: 6.3
A926: =_xlfn.CONCAT(B926,"-",LEFT(D926,2),"-",LEFT(E926,3),"-",F926,"-",TRUNC(I926),"-",TRUNC(J926)) -> 2005-RR-SPI-129-678-2349 | B926: =LEFT(C926,4) -> 2005 | C926: 2005 | D926: RRD | E926: SPITFIRE 129 | F926: 129 | G926: =TRUNC(I926/10) -> 67 | H926: =TRUNC(J926/10) -> 234 | I926: 678 | J926: 2349 | K926: 05 | L926: 6.7
A927: =_xlfn.CONCAT(B927,"-",LEFT(D927,2),"-",LEFT(E927,3),"-",F927,"-",TRUNC(I927),"-",TRUNC(J927)) -> 2005-RR-SPI-149-730-2345 | B927: =LEFT(C927,4) -> 2005 | C927: 2005 | D927: RRD | E927: SPITFIRE 149 | F927: 149 | G927: =TRUNC(I927/10) -> 73 | H927: =TRUNC(J927/10) -> 234 | I927: 730 | J927: 2345 | K927: 05 | L927: 7
A928: =_xlfn.CONCAT(B928,"-",LEFT(D928,2),"-",LEFT(E928,3),"-",F928,"-",TRUNC(I928),"-",TRUNC(J928)) -> 2008-RR-X-F-73-543-2260 | B928: =LEFT(C928,4) -> 2008 | C928: 2008 | D928: RRD | E928: X-FIRE LTD 75 | F928: 73 | G928: =TRUNC(I928/10) -> 54 | H928: =TRUNC(J928/10) -> 226 | I928: 543 | J928: 2260 | K928: 07 | L928: 5
A929: =_xlfn.CONCAT(B929,"-",LEFT(D929,2),"-",LEFT(E929,3),"-",F929,"-",TRUNC(I929),"-",TRUNC(J929)) -> 2008-RR-X-F-79-596-2269 | B929: =LEFT(C929,4) -> 2008 | C929: 2008 | D929: RRD | E929: X-FIRE LTD 90 | F929: 79 | G929: =TRUNC(I929/10) -> 59 | H929: =TRUNC(J929/10) -> 226 | I929: 596 | J929: 2269 | K929: 07 | L929: 5.5
A930: =_xlfn.CONCAT(B930,"-",LEFT(D930,2),"-",LEFT(E930,3),"-",F930,"-",TRUNC(I930),"-",TRUNC(J930)) -> 2008-RR-X-F-90-646-2265 | B930: =LEFT(C930,4) -> 2008 | C930: 2008 | D930: RRD | E930: X-FIRE LTD 105 | F930: 90 | G930: =TRUNC(I930/10) -> 64 | H930: =TRUNC(J930/10) -> 226 | I930: 646 | J930: 2265 | K930: 07 | L930: 5.9
A931: =_xlfn.CONCAT(B931,"-",LEFT(D931,2),"-",LEFT(E931,3),"-",F931,"-",TRUNC(I931),"-",TRUNC(J931)) -> 2008-RR-X-F-103-697-2315 | B931: =LEFT(C931,4) -> 2008 | C931: 2008 | D931: RRD | E931: X-FIRE LTD 115 | F931: 103 | G931: =TRUNC(I931/10) -> 69 | H931: =TRUNC(J931/10) -> 231 | I931: 697 | J931: 2315 | K931: 07 | L931: 6.2
A932: =_xlfn.CONCAT(B932,"-",LEFT(D932,2),"-",LEFT(E932,3),"-",F932,"-",TRUNC(I932),"-",TRUNC(J932)) -> 2008-RR-X-F-116-792-2360 | B932: =LEFT(C932,4) -> 2008 | C932: 2008 | D932: RRD | E932: X-FIRE LTD 130 | F932: 116 | G932: =TRUNC(I932/10) -> 79 | H932: =TRUNC(J932/10) -> 236 | I932: 792 | J932: 2360 | K932: 07 | L932: 6.9
A933: =_xlfn.CONCAT(B933,"-",LEFT(D933,2),"-",LEFT(E933,3),"-",F933,"-",TRUNC(I933),"-",TRUNC(J933)) -> 2008-RR-X-F-128-847-2415 | B933: =LEFT(C933,4) -> 2008 | C933: 2008 | D933: RRD | E933: X-FIRE LTD 145 | F933: 128 | G933: =TRUNC(I933/10) -> 84 | H933: =TRUNC(J933/10) -> 241 | I933: 847 | J933: 2415 | K933: 07 | L933: 7.5
... A965: =_xlfn.CONCAT(B965,"-",LEFT(D965,2),"-",LEFT(E965,3),"-",F965,"-",TRUNC(I965),"-",TRUNC(J965)) -> 2012-RR-X-F-134-850-2272 | B965: =LEFT(C965,4) -> 2012 | C965: 2012 | D965: RRD | E965: X-Fire 129 LTD V4 | F965: 134 | G965: =TRUNC(I965/10) -> 85 | H965: =TRUNC(J965/10) -> 227 | I965: 850 | J965: 2272 | K965: 12 | L965: 7.25
A966: =_xlfn.CONCAT(B966,"-",LEFT(D966,2),"-",LEFT(E966,3),"-",F966,"-",TRUNC(I966),"-",TRUNC(J966)) -> #VALUE! | B966: =LEFT(C966,4) -> 2012 | C966: 2012 | D966: RRD | E966: Firerace 90 W-Tech V3 | F966: 84 | G966: =TRUNC(I966/10) -> #VALUE! | H966: =TRUNC(J966/10) -> #VALUE! | I966: 570,7 | J966: 2380,4 | K966: 12 | L966: 6.12
A967: =_xlfn.CONCAT(B967,"-",LEFT(D967,2),"-",LEFT(E967,3),"-",F967,"-",TRUNC(I967),"-",TRUNC(J967)) -> 2012-RR-Fir-102-654-2346 | B967: =LEFT(C967,4) -> 2012 | C967: 2012 | D967: RRD | E967: Firerace 102 W-Tech V3 | F967: 102 | G967: =TRUNC(I967/10) -> 65 | H967: =TRUNC(J967/10) -> 234 | I967: 654 | J967: 2346 | K967: 12 | L967: 6.95
A968: =_xlfn.CONCAT(B968,"-",LEFT(D968,2),"-",LEFT(E968,3),"-",F968,"-",TRUNC(I968),"-",TRUNC(J968)) -> 2012-RR-Fir-117-693-2332 | B968: =LEFT(C968,4) -> 2012 | C968: 2012 | D968: RRD | E968: Firerace 112 W-Tech V3 | F968: 117 | G968: =TRUNC(I968/10) -> 69 | H968: =TRUNC(J968/10) -> 233 | I968: 693 | J968: 2332 | K968: 12 | L968: 7.49
A969: =_xlfn.CONCAT(B969,"-",LEFT(D969,2),"-",LEFT(E969,3),"-",F969,"-",TRUNC(I969),"-",TRUNC(J969)) -> 2012-RR-Fir-121-791-2239 | B969: =LEFT(C969,4) -> 2012 | C969: 2012 | D969: RRD | E969: Firerace 122 W-Tech V3 | F969: 121 | G969: =TRUNC(I969/10) -> 79 | H969: =TRUNC(J969/10) -> 223 | I969: 791 | J969: 2239 | K969: 12 | L969: 7.96
A970: =_xlfn.CONCAT(B970,"-",LEFT(D970,2),"-",LEFT(E970,3),"-",F970,"-",TRUNC(I970),"-",TRUNC(J970)) -> 2012-RR-Fir-142-847-2239 | B970: =LEFT(C970,4) -> 2012 | C970: 2012 | D970: RRD | E970: Firerace 135 W-Tech V3 | F970: 142 | G970: =TRUNC(I970/10) -> 84 | H970: =TRUNC(J970/10) -> 223 | I970: 847 | J970: 2239 | K970: 12 | L970: 8.71
A971: =_xlfn.CONCAT(B971,"-",LEFT(D971,2),"-",LEFT(E971,3),"-",F971,"-",TRUNC(I971),"-",TRUNC(J971)) -> 2013-RR-X-F-93-592-2332 | B971: =LEFT(C971,4) -> 2013 | C971: 2013 | D971: RRD | E971: X-FIRE 90 LTD V5 | F971: 93 | G971: =TRUNC(I971/10) -> 59 | H971: =TRUNC(J971/10) -> 233 | I971: 592 | J971: 2332 | K971: 12 | L971: 5.9
...

Sheet GPS-Boards-Validation
A1: ID | B1: Brand | C1: Type | D1: Size | E1: Volume | F1: Year | G1: Class | H1: Sessions | I1: Temp Notes | K1: ID2 | L1: Vol | M1: Width | N1: Length | P1: XMATCH | Q1: XLookUp "-1"
A2: 10455 | B2: Fanatic | C2: Blast 100 LTD | D2: 62 x 231 cm | E2: 100 l | F2: 2018 | G2: Slalom Medium | H2: Fanatic Blast 100 LTD | K2: =_xlfn.CONCAT(F2,"-",LEFT(B2,2),"-",LEFT(C2,3),"-",L2,"-",M2,"-",N2) -> 2018-Fa-Bla-100-62-231 | L2: =_xlfn.REGEXREPLACE(E2,"[^0-9.]","")+0 -> 100 | M2: =LEFT(D2, FIND(" x", D2)-1) -> 62 | N2: =MID(D2, FIND("x ", D2)+2, FIND(" cm", D2)-FIND("x ", D2)-2) -> 231 | P2: =_xlfn.IFNA(_xlfn.XMATCH(K2,'Boards Catalogue'!A:A),-1) -> 147 | Q2: =_xlfn.XLOOKUP(K2,'Boards Catalogue'!A:A,'Boards Catalogue'!A:A,,-1) -> 2018-Fa-Bla-100-62-231
A3: 13502 | B3: Fanatic | C3: Blast 115 | D3: 66 x 232 cm | E3: 115 l | F3: 2018 | G3: Slalom Medium | H3: Fanatic Blast 115 | K3: =_xlfn.CONCAT(F3,"-",LEFT(B3,2),"-",LEFT(C3,3),"-",L3,"-",M3,"-",N3) -> 2018-Fa-Bla-115-66-232 | L3: =_xlfn.REGEXREPLACE(E3,"[^0-9.]","")+0 -> 115 | M3: =LEFT(D3, FIND(" x", D3)-1) -> 66 | N3: =MID(D3, FIND("x ", D3)+2, FIND(" cm", D3)-FIND("x ", D3)-2) -> 232 | P3: =_xlfn.IFNA(_xlfn.XMATCH(K3,'Boards Catalogue'!A:A),-1) -> 149 | Q3: =_xlfn.XLOOKUP(K3,'Boards Catalogue'!A:A,'Boards Catalogue'!A:A,,-1) -> 2018-Fa-Bla-115-66-232
A4: 9740 | B4: Fanatic | C4: Blast 115 LTD | D4: 66 x 232 cm | E4: 115 l | F4: 2018 | G4: Slalom Medium | H4: Fanatic Blast 115 LTD | K4: =_xlfn.CONCAT(F4,"-",LEFT(B4,2),"-",LEFT(C4,3),"-",L4,"-",M4,"-",N4) -> 2018-Fa-Bla-115-66-232 | L4: =_xlfn.REGEXREPLACE(E4,"[^0-9.]","")+0 -> 115 | M4: =LEFT(D4, FIND(" x", D4)-1) -> 66 | N4: =MID(D4, FIND("x ", D4)+2, FIND(" cm", D4)-FIND("x ", D4)-2) -> 232 | P4: =_xlfn.IFNA(_xlfn.XMATCH(K4,'Boards Catalogue'!A:A),-1) -> 149 | Q4: =_xlfn.XLOOKUP(K4,'Boards Catalogue'!A:A,'Boards Catalogue'!A:A,,-1) -> 2018-Fa-Bla-115-66-232
A5: 10388 | B5: Fanatic | C5: Blast 130 LTD | D5: 70 x 233 cm | E5: 130 l | F5: 2018 | G5: Slalom Large | H5: Fanatic Blast 130 LTD | K5: =_xlfn.CONCAT(F5,"-",LEFT(B5,2),"-",LEFT(C5,3),"-",L5,"-",M5,"-",N5) -> 2018-Fa-Bla-130-70-233 | L5: =_xlfn.REGEXREPLACE(E5,"[^0-9.]","")+0 -> 130 | M5: =LEFT(D5, FIND(" x", D5)-1) -> 70 | N5: =MID(D5, FIND("x ", D5)+2, FIND(" cm", D5)-FIND("x ", D5)-2) -> 233 | P5: =_xlfn.IFNA(_xlfn.XMATCH(K5,'Boards Catalogue'!A:A),-1) -> 151 | Q5: =_xlfn.XLOOKUP(K5,'Boards Catalogue'!A:A,'Boards Catalogue'!A:A,,-1) -> 2018-Fa-Bla-130-70-233
A6: 12165 | B6: Fanatic | C6: Blast 130 LTD | D6: 70 x 233 cm | E6: 130 l | F6: 2018 | G6: Slalom Large | H6: Fanatic Blast 130 LTD | K6: =_xlfn.CONCAT(F6,"-",LEFT(B6,2),"-",LEFT(C6,3),"-",L6,"-",M6,"-",N6) -> 2018-Fa-Bla-130-70-233 | L6: =_xlfn.REGEXREPLACE(E6,"[^0-9.]","")+0 -> 130 | M6: =LEFT(D6, FIND(" x", D6)-1) -> 70 | N6: =MID(D6, FIND("x ", D6)+2, FIND(" cm", D6)-FIND("x ", D6)-2) -> 233 | P6: =_xlfn.IFNA(_xlfn.XMATCH(K6,'Boards Catalogue'!A:A),-1) -> 151 | Q6: =_xlfn.XLOOKUP(K6,'Boards Catalogue'!A:A,'Boards Catalogue'!A:A,,-1) -> 2018-Fa-Bla-130-70-233
A7: 11191 | B7: Fanatic | C7: Blast 145 LTD | D7: 77 x 235 cm | E7: 145 l | F7: 2018 | G7: Slalom Medium | H7: Fanatic Blast 145 LTD | K7: =_xlfn.CONCAT(F7,"-",LEFT(B7,2),"-",LEFT(C7,3),"-",L7,"-",M7,"-",N7) -> 2018-Fa-Bla-145-77-235 | L7: =_xlfn.REGEXREPLACE(E7,"[^0-9.]","")+0 -> 145 | M7: =LEFT(D7, FIND(" x", D7)-1) -> 77 | N7: =MID(D7, FIND("x ", D7)+2, FIND(" cm", D7)-FIND("x ", D7)-2) -> 235 | P7: =_xlfn.IFNA(_xlfn.XMATCH(K7,'Boards Catalogue'!A:A),-1) -> 153 | Q7: =_xlfn.XLOOKUP(K7,'Boards Catalogue'!A:A,'Boards Catalogue'!A:A,,-1) -> 2018-Fa-Bla-145-77-235
A8: 10662 | B8: Fanatic | C8: Falcon 114 TE | D8: 71 x 230 cm | E8: 114 l | F8: 2018 | G8: Slalom Medium | H8: Fanatic Falcon 114 TE | K8: =_xlfn.CONCAT(F8,"-",LEFT(B8,2),"-",LEFT(C8,3),"-",L8,"-",M8,"-",N8) -> 2018-Fa-Fal-114-71-230 | L8: =_xlfn.REGEXREPLACE(E8,"[^0-9.]","")+0 -> 114 | M8: =LEFT(D8, FIND(" x", D8)-1) -> 71 | N8: =MID(D8, FIND("x ", D8)+2, FIND(" cm", D8)-FIND("x ", D8)-2) -> 230 | P8: =_xlfn.IFNA(_xlfn.XMATCH(K8,'Boards Catalogue'!A:A),-1) -> 155 | Q8: =_xlfn.XLOOKUP(K8,'Boards Catalogue'!A:A,'Boards Catalogue'!A:A,,-1) -> 2018-Fa-Fal-114-71-230
A9: 10391 | B9: Fanatic | C9: Falcon 129 | D9: 80 x 230 cm | E9: 129 l | F9: 2018 | G9: Slalom Large | H9: Fanatic Falcon 129 | K9: =_xlfn.CONCAT(F9,"-",LEFT(B9,2),"-",LEFT(C9,3),"-",L9,"-",M9,"-",N9) -> 2018-Fa-Fal-129-80-230 | L9: =_xlfn.REGEXREPLACE(E9,"[^0-9.]","")+0 -> 129 | M9: =LEFT(D9, FIND(" x", D9)-1) -> 80 | N9: =MID(D9, FIND("x ", D9)+2, FIND(" cm", D9)-FIND("x ", D9)-2) -> 230 | P9: =_xlfn.IFNA(_xlfn.XMATCH(K9,'Boards Catalogue'!A:A),-1) -> 157 | Q9: =_xlfn.XLOOKUP(K9,'Boards Catalogue'!A:A,'Boards Catalogue'!A:A,,-1) -> 2018-Fa-Fal-129-80-230
A10: 10650 | B10: Fanatic | C10: Falcon 89 | D10: 60 x 235 cm | E10: 89 l | F10: 2018 | G10: Speed/Slalom Small | H10: Fanatic Falcon 89 | K10: =_xlfn.CONCAT(F10,"-",LEFT(B10,2),"-",LEFT(C10,3),"-",L10,"-",M10,"-",N10) -> 2018-Fa-Fal-89-60-235 | L10: =_xlfn.REGEXREPLACE(E10,"[^0-9.]","")+0 -> 89 | M10: =LEFT(D10, FIND(" x", D10)-1) -> 60 | N10: =MID(D10, FIND("x ", D10)+2, FIND(" cm", D10)-FIND("x ", D10)-2) -> 235 | P10: =_xlfn.IFNA(_xlfn.XMATCH(K10,'Boards Catalogue'!A:A),-1) -> 164 | Q10: =_xlfn.XLOOKUP(K10,'Boards Catalogue'!A:A,'Boards Catalogue'!A:A,,-1) -> 2018-Fa-Fal-89-60-235
A11: 10419 | B11: Fanatic | C11: Falcon Lightwind | D11: 90 x 230 cm | E11: 159 l | F11: 2018 | G11: Slalom Xtra Large | H11: Fanatic Falcon Lightwind | K11: =_xlfn.CONCAT(F11,"-",LEFT(B11,2),"-",LEFT(C11,3),"-",L11,"-",M11,"-",N11) -> 2018-Fa-Fal-159-90-230 | L11: =_xlfn.REGEXREPLACE(E11,"[^0-9.]","")+0 -> 159 | M11: =LEFT(D11, FIND(" x", D11)-1) -> 90 | N11: =MID(D11, FIND("x ", D11)+2, FIND(" cm", D11)-FIND("x ", D11)-2) -> 230 | P11: =_xlfn.IFNA(_xlfn.XMATCH(K11,'Boards Catalogue'!A:A),-1) -> 159 | Q11: =_xlfn.XLOOKUP(K11,'Boards Catalogue'!A:A,'Boards Catalogue'!A:A,,-1) -> 2018-Fa-Fal-159-90-230
A12: 10683 | B12: Fanatic | C12: Falcon Speed 40 | D12: 40 x 228 cm | E12: 55 l | F12: 2018 | G12: Speedboard | H12: Fanatic Falcon Speed 40 | K12: =_xlfn.CONCAT(F12,"-",LEFT(B12,2),"-",LEFT(C12,3),"-",L12,"-",M12,"-",N12) -> 2018-Fa-Fal-55-40-228 | L12: =_xlfn.REGEXREPLACE(E12,"[^0-9.]","")+0 -> 55 | M12: =LEFT(D12, FIND(" x", D12)-1) -> 40 | N12: =MID(D12, FIND("x ", D12)+2, FIND(" cm", D12)-FIND("x ", D12)-2) -> 228 | P12: =_xlfn.IFNA(_xlfn.XMATCH(K12,'Boards Catalogue'!A:A),-1) -> -1 | Q12: =_xlfn.XLOOKUP(K12,'Boards Catalogue'!A:A,'Boards Catalogue'!A:A,,-1) -> 2018-Fa-Fal-54-44-230
A13: 10290 | B13: Fanatic | C13: Falcon Speed 52.5 | D13: 525 x 235 cm | E13: 70 l | F13: 2018 | G13: Speed/Slalom Small | H13: Fanatic Falcon Speed 52.5 | K13: =_xlfn.CONCAT(F13,"-",LEFT(B13,2),"-",LEFT(C13,3),"-",L13,"-",M13,"-",N13) -> 2018-Fa-Fal-70-525-235 | L13: =_xlfn.REGEXREPLACE(E13,"[^0-9.]","")+0 -> 70 | M13: =LEFT(D13, FIND(" x", D13)-1) -> 525 | N13: =MID(D13, FIND("x ", D13)+2, FIND(" cm", D13)-FIND("x ", D13)-2) -> 235 | P13: =_xlfn.IFNA(_xlfn.XMATCH(K13,'Boards Catalogue'!A:A),-1) -> -1 | Q13: =_xlfn.XLOOKUP(K13,'Boards Catalogue'!A:A,'Boards Catalogue'!A:A,,-1) -> 2018-Fa-Fal-70-52-230
... A22: 11871 | B22: Fanatic | C22: Gecko | D22: 78 x 246 cm | E22: 133 l | F22: 2018 | G22: Wave / Freestyle | H22: Fanatic Gecko | K22: =_xlfn.CONCAT(F22,"-",LEFT(B22,2),"-",LEFT(C22,3),"-",L22,"-",M22,"-",N22) -> 2018-Fa-Gec-133-78-246 | L22: =_xlfn.REGEXREPLACE(E22,"[^0-9.]","")+0 -> 133 | M22: =LEFT(D22, FIND(" x", D22)-1) -> 78 | N22: =MID(D22, FIND("x ", D22)+2, FIND(" cm", D22)-FIND("x ", D22)-2) -> 246 | P22: =_xlfn.IFNA(_xlfn.XMATCH(K22,'Boards Catalogue'!A:A),-1) -> 185 | Q22: =_xlfn.XLOOKUP(K22,'Boards Catalogue'!A:A,'Boards Catalogue'!A:A,,-1) -> 2018-Fa-Gec-133-78-246
A23: 11049 | B23: Fanatic | C23: Gecko 120 | D23: 76 x 242 cm | E23: 120 l | F23: 2018 | H23: Fanatic Gecko 120 | K23: =_xlfn.CONCAT(F23,"-",LEFT(B23,2),"-",LEFT(C23,3),"-",L23,"-",M23,"-",N23) -> 2018-Fa-Gec-120-76-242 | L23: =_xlfn.REGEXREPLACE(E23,"[^0-9.]","")+0 -> 120 | M23: =LEFT(D23, FIND(" x", D23)-1) -> 76 | N23: =MID(D23, FIND("x ", D23)+2, FIND(" cm", D23)-FIND("x ", D23)-2) -> 242 | P23: =_xlfn.IFNA(_xlfn.XMATCH(K23,'Boards Catalogue'!A:A),-1) -> 182 | Q23: =_xlfn.XLOOKUP(K23,'Boards Catalogue'!A:A,'Boards Catalogue'!A:A,,-1) -> 2018-Fa-Gec-120-76-242
A24: 10203 | B24: Fanatic | C24: Gecko Foil Edition | D24: 76 x 245 cm | E24: 120 l | F24: 2018 | G24: Slalom Large | H24: Fanatic Gecko Foil Edition | K24: =_xlfn.CONCAT(F24,"-",LEFT(B24,2),"-",LEFT(C24,3),"-",L24,"-",M24,"-",N24) -> 2018-Fa-Gec-120-76-245 | L24: =_xlfn.REGEXREPLACE(E24,"[^0-9.]","")+0 -> 120 | M24: =LEFT(D24, FIND(" x", D24)-1) -> 76 | N24: =MID(D24, FIND("x ", D24)+2, FIND(" cm", D24)-FIND("x ", D24)-2) -> 245 | P24: =_xlfn.IFNA(_xlfn.XMATCH(K24,'Boards Catalogue'!A:A),-1) -> -1 | Q24: =_xlfn.XLOOKUP(K24,'Boards Catalogue'!A:A,'Boards Catalogue'!A:A,,-1) -> 2018-Fa-Gec-120-76-242
A25: 10545 | B25: Fanatic | C25: Grip 82 | D25: 58 x 224 cm | E25: 82 l | F25: 2018 | G25: Wave / Freestyle | H25: Fanatic Grip 82 | K25: =_xlfn.CONCAT(F25,"-",LEFT(B25,2),"-",LEFT(C25,3),"-",L25,"-",M25,"-",N25) -> 2018-Fa-Gri-82-58-224 | L25: =_xlfn.REGEXREPLACE(E25,"[^0-9.]","")+0 -> 82 | M25: =LEFT(D25, FIND(" x", D25)-1) -> 58 | N25: =MID(D25, FIND("x ", D25)+2, FIND(" cm", D25)-FIND("x ", D25)-2) -> 224 | P25: =_xlfn.IFNA(_xlfn.XMATCH(K25,'Boards Catalogue'!A:A),-1) -> 196 | Q25: =_xlfn.XLOOKUP(K25,'Boards Catalogue'!A:A,'Boards Catalogue'!A:A,,-1) -> 2018-Fa-Gri-82-58-224
A26: 11188 | B26: Fanatic | C26: Grip 99 | D26: 62 x 229 cm | E26: 99 l | F26: 2018 | G26: Slalom Xtra Large | H26: Fanatic Grip 99 | K26: =_xlfn.CONCAT(F26,"-",LEFT(B26,2),"-",LEFT(C26,3),"-",L26,"-",M26,"-",N26) -> 2018-Fa-Gri-99-62-229 | L26: =_xlfn.REGEXREPLACE(E26,"[^0-9.]","")+0 -> 99 | M26: =LEFT(D26, FIND(" x", D26)-1) -> 62 | N26: =MID(D26, FIND("x ", D26)+2, FIND(" cm", D26)-FIND("x ", D26)-2) -> 229 | P26: =_xlfn.IFNA(_xlfn.XMATCH(K26,'Boards Catalogue'!A:A),-1) -> 198 | Q26: =_xlfn.XLOOKUP(K26,'Boards Catalogue'!A:A,'Boards Catalogue'!A:A,,-1) -> 2018-Fa-Gri-99-62-229
A27: 10563 | B27: Fanatic | C27: Jag 125 | D27: 75 x 235 cm | E27: 125 l | F27: 2018 | G27: Slalom Large | H27: Fanatic Jag 125 | K27: =_xlfn.CONCAT(F27,"-",LEFT(B27,2),"-",LEFT(C27,3),"-",L27,"-",M27,"-",N27) -> 2018-Fa-Jag-125-75-235 | L27: =_xlfn.REGEXREPLACE(E27,"[^0-9.]","")+0 -> 125 | M27: =LEFT(D27, FIND(" x", D27)-1) -> 75 | N27: =MID(D27, FIND("x ", D27)+2, FIND(" cm", D27)-FIND("x ", D27)-2) -> 235 | P27: =_xlfn.IFNA(_xlfn.XMATCH(K27,'Boards Catalogue'!A:A),-1) -> -1 | Q27: =_xlfn.XLOOKUP(K27,'Boards Catalogue'!A:A,'Boards Catalogue'!A:A,,-1) -> 2018-Fa-Gri-99-62-229
A28: 10291 | B28: Fanatic | C28: Lüderitz Speed 44 | D28: 44 x 230 cm | E28: 50 l | F28: 2018 | G28: Speedboard | H28: Fanatic Lüderitz Speed 44 | K28: =_xlfn.CONCAT(F28,"-",LEFT(B28,2),"-",LEFT(C28,3),"-",L28,"-",M28,"-",N28) -> 2018-Fa-Lüd-50-44-230 | L28: =_xlfn.REGEXREPLACE(E28,"[^0-9.]","")+0 -> 50 | M28: =LEFT(D28, FIND(" x", D28)-1) -> 44 | N28: =MID(D28, FIND("x ", D28)+2, FIND(" cm", D28)-FIND("x ", D28)-2) -> 230 | P28: =_xlfn.IFNA(_xlfn.XMATCH(K28,'Boards Catalogue'!A:A),-1) -> -1 | Q28: =_xlfn.XLOOKUP(K28,'Boards Catalogue'!A:A,'Boards Catalogue'!A:A,,-1) -> 2018-Fa-Gri-99-62-229
A29: 740 | B29: Fanatic | C29: Shark | D29: 70 x 295 cm | E29: 125 l | F29: 2018 | G29: Slalom Xtra Large | H29: Fanatic Shark | K29: =_xlfn.CONCAT(F29,"-",LEFT(B29,2),"-",LEFT(C29,3),"-",L29,"-",M29,"-",N29) -> 2018-Fa-Sha-125-70-295 | L29: =_xlfn.REGEXREPLACE(E29,"[^0-9.]","")+0 -> 125 | M29: =LEFT(D29, FIND(" x", D29)-1) -> 70 | N29: =MID(D29, FIND("x ", D29)+2, FIND(" cm", D29)-FIND("x ", D29)-2) -> 295 | P29: =_xlfn.IFNA(_xlfn.XMATCH(K29,'Boards Catalogue'!A:A),-1) -> -1 | Q29: =_xlfn.XLOOKUP(K29,'Boards Catalogue'!A:A,'Boards Catalogue'!A:A,,-1) -> 2018-Fa-Rip-187-73-274
A30: 10240 | B30: Fanatic | C30: Slalom TE 136 | D30: 85 x 235 cm | E30: 136 l | F30: 2018 | G30: Slalom Large | H30: Fanatic Slalom TE 136 | K30: =_xlfn.CONCAT(F30,"-",LEFT(B30,2),"-",LEFT(C30,3),"-",L30,"-",M30,"-",N30) -> 2018-Fa-Sla-136-85-235 | L30: =_xlfn.REGEXREPLACE(E30,"[^0-9.]","")+0 -> 136 | M30: =LEFT(D30, FIND(" x", D30)-1) -> 85 | N30: =MID(D30, FIND("x ", D30)+2, FIND(" cm", D30)-FIND("x ", D30)-2) -> 235 | P30: =_xlfn.IFNA(_xlfn.XMATCH(K30,'Boards Catalogue'!A:A),-1) -> -1 | Q30: =_xlfn.XLOOKUP(K30,'Boards Catalogue'!A:A,'Boards Catalogue'!A:A,,-1) -> 2018-Fa-Ska-93-62-225
A31: 10237 | B31: Fanatic | C31: Slalom TE 98 | D31: 63 x 235 cm | E31: 98 l | F31: 2018 | G31: Slalom Medium | H31: Fanatic Slalom TE 98 | K31: =_xlfn.CONCAT(F31,"-",LEFT(B31,2),"-",LEFT(C31,3),"-",L31,"-",M31,"-",N31) -> 2018-Fa-Sla-98-63-235 | L31: =_xlfn.REGEXREPLACE(E31,"[^0-9.]","")+0 -> 98 | M31: =LEFT(D31, FIND(" x", D31)-1) -> 63 | N31: =MID(D31, FIND("x ", D31)+2, FIND(" cm", D31)-FIND("x ", D31)-2) -> 235 | P31: =_xlfn.IFNA(_xlfn.XMATCH(K31,'Boards Catalogue'!A:A),-1) -> -1 | Q31: =_xlfn.XLOOKUP(K31,'Boards Catalogue'!A:A,'Boards Catalogue'!A:A,,-1) -> 2018-Fa-Ska-93-62-225
A32: 10219 | B32: Fanatic | C32: Stubby TE 99 | D32: 60 x 218 cm | E32: 99 l | F32: 2018 | G32: Wave / Freestyle | H32: Fanatic Stubby TE 99 | K32: =_xlfn.CONCAT(F32,"-",LEFT(B32,2),"-",LEFT(C32,3),"-",L32,"-",M32,"-",N32) -> 2018-Fa-Stu-99-60-218 | L32: =_xlfn.REGEXREPLACE(E32,"[^0-9.]","")+0 -> 99 | M32: =LEFT(D32, FIND(" x", D32)-1) -> 60 | N32: =MID(D32, FIND("x ", D32)+2, FIND(" cm", D32)-FIND("x ", D32)-2) -> 218 | P32: =_xlfn.IFNA(_xlfn.XMATCH(K32,'Boards Catalogue'!A:A),-1) -> 208 | Q32: =_xlfn.XLOOKUP(K32,'Boards Catalogue'!A:A,'Boards Catalogue'!A:A,,-1) -> 2018-Fa-Stu-99-60-218
A33: 12906 | B33: Fanatic | C33: Viper | D33: 85 x 285 cm | E33: 220 l | F33: 2018 | G33: Slalom Xtra Large | H33: Fanatic Viper | K33: =_xlfn.CONCAT(F33,"-",LEFT(B33,2),"-",LEFT(C33,3),"-",L33,"-",M33,"-",N33) -> 2018-Fa-Vip-220-85-285 | L33: =_xlfn.REGEXREPLACE(E33,"[^0-9.]","")+0 -> 220 | M33: =LEFT(D33, FIND(" x", D33)-1) -> 85 | N33: =MID(D33, FIND("x ", D33)+2, FIND(" cm", D33)-FIND("x ", D33)-2) -> 285 | P33: =_xlfn.IFNA(_xlfn.XMATCH(K33,'Boards Catalogue'!A:A),-1) -> 212 | Q33: =_xlfn.XLOOKUP(K33,'Boards Catalogue'!A:A,'Boards Catalogue'!A:A,,-1) -> 2018-Fa-Vip-220-85-285
A34: 13285 | B34: Fanatic | C34: Wave | D34: 64 x 232 cm | E34: 103 l | F34: 2018 | G34: Wave / Freestyle | H34: Fanatic Wave | K34: =_xlfn.CONCAT(F34,"-",LEFT(B34,2),"-",LEFT(C34,3),"-",L34,"-",M34,"-",N34) -> 2018-Fa-Wav-103-64-232 | L34: =_xlfn.REGEXREPLACE(E34,"[^0-9.]","")+0 -> 103 | M34: =LEFT(D34, FIND(" x", D34)-1) -> 64 | N34: =MID(D34, FIND("x ", D34)+2, FIND(" cm", D34)-FIND("x ", D34)-2) -> 232 | P34: =_xlfn.IFNA(_xlfn.XMATCH(K34,'Boards Catalogue'!A:A),-1) -> -1 | Q34: =_xlfn.XLOOKUP(K34,'Boards Catalogue'!A:A,'Boards Catalogue'!A:A,,-1) -> 2018-Fa-Vip-355-85-335

Sheet Temp-Berra-ToAddAfterReview
A2: YEAR | B2: Brand | C2: MODELS | D2: VOLUME | E2: WIDTH | F2: LENGTH | G2: TECHNOLOGY | H2: FIN BOXES | I2: FINS | J2: REC. SAIL SIZES | K2: Weight

Sheet Temp-Berra-unit-remove
A1: YEAR | B1: Brand | C1: MODELS | D1: VOLUME | E1: WIDTH | F1: LENGTH | G1: TECHNOLOGY | H1: FIN BOXES | I1: FINS | J1: REC. SAIL SIZES
A2: 2020 | B2: Fanatic | C2: Grip XS | D2: 60 | E2: 52 | F2: 218 | G2: Biax Fibre / Full PVC Sandw. LF | H2: 4 × Slot Box | I2: CF 2 × 9 cm, 2 × 14 cm | J2: Up to 4.7 m2 | M2: =_xlfn.REGEXREPLACE(D2,"[^0-9.]","")+0 -> 60 | N2: =_xlfn.REGEXREPLACE(E2,"[^0-9.]","")+0 -> 52 | O2: =_xlfn.REGEXREPLACE(F2,"[^0-9.]","")+0 -> 218 | Q2: 60 | R2: 52 | S2: 218
A3: 2020 | B3: Fanatic | C3: Grip TE | D3: 68 | E3: 54 | F3: 220 | G3: Biax Innegra Carbon LF | H3: 4 × Slot Box | I3: CF 2 × 9 cm, 2 × 14 cm | J3: Up to 5.0 m2 | M3: =_xlfn.REGEXREPLACE(D3,"[^0-9.]","")+0 -> 68 | N3: =_xlfn.REGEXREPLACE(E3,"[^0-9.]","")+0 -> 54 | O3: =_xlfn.REGEXREPLACE(F3,"[^0-9.]","")+0 -> 220 | Q3: 68 | R3: 54 | S3: 220
A4: 2020 | B4: Fanatic | C4: Grip TE | D4: 75 | E4: 56 | F4: 222 | G4: Biax Innegra Carbon LF | H4: 5 × Slot Box | J4: Up to 5.3 m2 | M4: =_xlfn.REGEXREPLACE(D4,"[^0-9.]","")+0 -> 75 | N4: =_xlfn.REGEXREPLACE(E4,"[^0-9.]","")+0 -> 56 | O4: =_xlfn.REGEXREPLACE(F4,"[^0-9.]","")+0 -> 222 | Q4: 75 | R4: 56 | S4: 222
A5: 2020 | B5: Fanatic | C5: Grip TE | D5: 82 | E5: 58 | F5: 224 | G5: Biax Innegra Carbon LF | H5: 5 × Slot Box | I5: CF 2 × 9.5 cm, 2 × 14.5 cm | J5: Up to 5.8 m2 | M5: =_xlfn.REGEXREPLACE(D5,"[^0-9.]","")+0 -> 82 | N5: =_xlfn.REGEXREPLACE(E5,"[^0-9.]","")+0 -> 58 | O5: =_xlfn.REGEXREPLACE(F5,"[^0-9.]","")+0 -> 224 | Q5: 82 | R5: 58 | S5: 224
A6: 2020 | B6: Fanatic | C6: Grip TE | D6: 86 | E6: 58.5 | F6: 225 | G6: Biax Innegra Carbon LF | H6: 5 × Slot Box | J6: Up to 6.0 m2 | M6: =_xlfn.REGEXREPLACE(D6,"[^0-9.]","")+0 -> 86 | N6: =_xlfn.REGEXREPLACE(E6,"[^0-9.]","")+0 -> 58.5 | O6: =_xlfn.REGEXREPLACE(F6,"[^0-9.]","")+0 -> 225 | Q6: 86 | R6: 58.5 | S6: 225
A7: 2020 | B7: Fanatic | C7: Grip TE | D7: 92 | E7: 59.5 | F7: 226 | G7: Biax Innegra Carbon LF | H7: 5 × Slot Box | I7: CF 2 × 10 cm, 2 × 14.5 cm | J7: Up to 6.2 m2 | M7: =_xlfn.REGEXREPLACE(D7,"[^0-9.]","")+0 -> 92 | N7: =_xlfn.REGEXREPLACE(E7,"[^0-9.]","")+0 -> 59.5 | O7: =_xlfn.REGEXREPLACE(F7,"[^0-9.]","")+0 -> 226 | Q7: 92 | R7: 59.5 | S7: 226
A8: 2020 | B8: Fanatic | C8: Grip TE | D8: 102 | E8: 61 | F8: 228 | G8: Biax Innegra Carbon LF | H8: 5 × Slot Box | I8: MFC TF Black 2 × 12 cm, 19 cm | J8: Up to 6.5 m2 | M8: =_xlfn.REGEXREPLACE(D8,"[^0-9.]","")+0 -> 102 | N8: =_xlfn.REGEXREPLACE(E8,"[^0-9.]","")+0 -> 61 | O8: =_xlfn.REGEXREPLACE(F8,"[^0-9.]","")+0 -> 228 | Q8: 102 | R8: 61 | S8: 228
A9: 2020 | B9: Fanatic | C9: Stubby TE | D9: 76 | E9: 55 | F9: 212 | G9: Biax Innegra Carbon LF | H9: 2 × Slot Box, Center US Box | I9: CF 2 × 12 cm, 17 cm | J9: Up to 5.3 m2 | M9: =_xlfn.REGEXREPLACE(D9,"[^0-9.]","")+0 -> 76 | N9: =_xlfn.REGEXREPLACE(E9,"[^0-9.]","")+0 -> 55 | O9: =_xlfn.REGEXREPLACE(F9,"[^0-9.]","")+0 -> 212 | Q9: 76 | R9: 55 | S9: 212
A10: 2020 | B10: Fanatic | C10: Stubby TE | D10: 82 | E10: 56 | F10: 214 | G10: Biax Innegra Carbon LF | H10: 2 × Slot Box, Center US Box | I10: CF 2 × 12 cm, 17 cm | J10: Up to 5.8 m2 | M10: =_xlfn.REGEXREPLACE(D10,"[^0-9.]","")+0 -> 82 | N10: =_xlfn.REGEXREPLACE(E10,"[^0-9.]","")+0 -> 56 | O10: =_xlfn.REGEXREPLACE(F10,"[^0-9.]","")+0 -> 214 | Q10: 82 | R10: 56 | S10: 214
A11: 2020 | B11: Fanatic | C11: Stubby TE | D11: 89 | E11: 57.5 | F11: 215 | G11: Biax Innegra Carbon LF | H11: 2 × Slot Box, Center US Box | I11: CF 2 × 12 cm, 18 cm | J11: Up to 6.2 m2 | M11: =_xlfn.REGEXREPLACE(D11,"[^0-9.]","")+0 -> 89 | N11: =_xlfn.REGEXREPLACE(E11,"[^0-9.]","")+0 -> 57.5 | O11: =_xlfn.REGEXREPLACE(F11,"[^0-9.]","")+0 -> 215 | Q11: 89 | R11: 57.5 | S11: 215
A12: 2020 | B12: Fanatic | C12: Stubby TE | D12: 99 | E12: 60 | F12: 218 | G12: Biax Innegra Carbon LF | H12: 2 × Slot Box, Center US Box | I12: CF 2 × 12 cm, 18 cm | J12: Up to 6.5 m2 | M12: =_xlfn.REGEXREPLACE(D12,"[^0-9.]","")+0 -> 99 | N12: =_xlfn.REGEXREPLACE(E12,"[^0-9.]","")+0 -> 60 | O12: =_xlfn.REGEXREPLACE(F12,"[^0-9.]","")+0 -> 218 | Q12: 99 | R12: 60 | S12: 218
A13: 2020 | B13: Fanatic | C13: FreeWave TXTR | D13: 85 | E13: 58.5 | F13: 229 | G13: TeXtreme® / Biax Innegra | H13: Power Box, 2 × Slot Box | I13: MFC TF Black 2 × 12 cm, 19 cm | J13: Up to 6.0 m2 | M13: =_xlfn.REGEXREPLACE(D13,"[^0-9.]","")+0 -> 85 | N13: =_xlfn.REGEXREPLACE(E13,"[^0-9.]","")+0 -> 58.5 | O13: =_xlfn.REGEXREPLACE(F13,"[^0-9.]","")+0 -> 229 | Q13: 85 | R13: 58.5 | S13: 229
A14: 2020 | B14: Fanatic | C14: FreeWave TXTR | D14: 95 | E14: 61 | F14: 230 | G14: TeXtreme® / Biax Innegra | H14: Power Box, 2 × Slot Box | I14: MFC TF Black 2 × 12 cm, 20 cm | J14: Up to 6.2 m2 | M14: =_xlfn.REGEXREPLACE(D14,"[^0-9.]","")+0 -> 95 | N14: =_xlfn.REGEXREPLACE(E14,"[^0-9.]","")+0 -> 61 | O14: =_xlfn.REGEXREPLACE(F14,"[^0-9.]","")+0 -> 230 | Q14: 95 | R14: 61 | S14: 230
A15: 2020 | B15: Fanatic | C15: FreeWave TXTR | D15: 105 | E15: 63 | F15: 231 | G15: Carbon LF | H15: Power Box, 2 × Slot Box | I15: MFC TF Black 2 × 12 cm, 21 cm | J15: Up to 6.8 m2 | M15: =_xlfn.REGEXREPLACE(D15,"[^0-9.]","")+0 -> 105 | N15: =_xlfn.REGEXREPLACE(E15,"[^0-9.]","")+0 -> 63 | O15: =_xlfn.REGEXREPLACE(F15,"[^0-9.]","")+0 -> 231 | Q15: 105 | R15: 63 | S15: 231
A16: 2020 | B16: Fanatic | C16: FreeWave TXTR | D16: 115 | E16: 65 | F16: 232 | H16: Power Box, 2 × Slot Box | I16: MFC 30 cm G10 | J16: Up to 7.5 m2 | M16: =_xlfn.REGEXREPLACE(D16,"[^0-9.]","")+0 -> 115 | N16: =_xlfn.REGEXREPLACE(E16,"[^0-9.]","")+0 -> 65 | O16: =_xlfn.REGEXREPLACE(F16,"[^0-9.]","")+0 -> 232 | Q16: 115 | R16: 65 | S16: 232
A17: 2020 | B17: Fanatic | C17: Freewave TE | D17: 75 | E17: 56 | F17: 228 | G17: Biax Innegra Carbon LF | H17: Power Box, 2 × Slot Box | I17: MFC TF Black 2 × 12 cm, 18 cm | J17: Up to 5.8 m2 | M17: =_xlfn.REGEXREPLACE(D17,"[^0-9.]","")+0 -> 75 | N17: =_xlfn.REGEXREPLACE(E17,"[^0-9.]","")+0 -> 56 | O17: =_xlfn.REGEXREPLACE(F17,"[^0-9.]","")+0 -> 228 | Q17: 75 | R17: 56 | S17: 228
A18: 2020 | B18: Fanatic | C18: Freewave TE | D18: 85 | E18: 58.5 | F18: 229 | G18: Biax Innegra Carbon LF | H18: Power Box, 2 × Slot Box | I18: MFC TF Black 2 × 12 cm, 19 cm | J18: Up to 6.0 m2 | M18: =_xlfn.REGEXREPLACE(D18,"[^0-9.]","")+0 -> 85 | N18: =_xlfn.REGEXREPLACE(E18,"[^0-9.]","")+0 -> 58.5 | O18: =_xlfn.REGEXREPLACE(F18,"[^0-9.]","")+0 -> 229 | Q18: 85 | R18: 58.5 | S18: 229
A19: 2020 | B19: Fanatic | C19: Freewave TE | D19: 95 | E19: 61 | F19: 230 | G19: Biax Innegra Carbon LF | H19: Power Box, 2 × Slot Box | I19: MFC TF Black 2 × 12 cm, 20 cm | J19: Up to 6.2 m2 | M19: =_xlfn.REGEXREPLACE(D19,"[^0-9.]","")+0 -> 95 | N19: =_xlfn.REGEXREPLACE(E19,"[^0-9.]","")+0 -> 61 | O19: =_xlfn.REGEXREPLACE(F19,"[^0-9.]","")+0 -> 230 | Q19: 95 | R19: 61 | S19: 230
A20: 2020 | B20: Fanatic | C20: Freewave TE | D20: 105 | E20: 63 | F20: 231 | G20: Biax Innegra Carbon LF | H20: Power Box, 2 × Slot Box | I20: MFC TF Black 2 × 12 cm, 21 cm | J20: Up to 6.8 m2 | M20: =_xlfn.REGEXREPLACE(D20,"[^0-9.]","")+0 -> 105 | N20: =_xlfn.REGEXREPLACE(E20,"[^0-9.]","")+0 -> 63 | O20: =_xlfn.REGEXREPLACE(F20,"[^0-9.]","")+0 -> 231 | Q20: 105 | R20: 63 | S20: 231
A21: 2020 | B21: Fanatic | C21: Freewave TE | D21: 115 | E21: 65 | F21: 232 | G21: Biax Innegra Carbon LF | H21: Power Box, 2 × Slot Box | I21: MFC 30 cm G10 | J21: Up to 7.5 m2 | M21: =_xlfn.REGEXREPLACE(D21,"[^0-9.]","")+0 -> 115 | N21: =_xlfn.REGEXREPLACE(E21,"[^0-9.]","")+0 -> 65 | O21: =_xlfn.REGEXREPLACE(F21,"[^0-9.]","")+0 -> 232 | Q21: 115 | R21: 65 | S21: 232
A22: 2020 | B22: Fanatic | C22: Freewave | D22: 75 | E22: 56 | F22: 228 | G22: Biax Fibre / Full PVC Sandwich LF | H22: Power Box, 2 × Slot Box | I22: CF G10 24 cm | J22: Up to 5.8 m2 | M22: =_xlfn.REGEXREPLACE(D22,"[^0-9.]","")+0 -> 75 | N22: =_xlfn.REGEXREPLACE(E22,"[^0-9.]","")+0 -> 56 | O22: =_xlfn.REGEXREPLACE(F22,"[^0-9.]","")+0 -> 228 | Q22: 75 | R22: 56 | S22: 228
A23: 2020 | B23: Fanatic | C23: Freewave | D23: 85 | E23: 58.5 | F23: 229 | G23: Biax Fibre / Full PVC Sandwich LF | H23: Power Box, 2 × Slot Box | I23: CF G10 26 cm | J23: Up to 6.0 m2 | M23: =_xlfn.REGEXREPLACE(D23,"[^0-9.]","")+0 -> 85 | N23: =_xlfn.REGEXREPLACE(E23,"[^0-9.]","")+0 -> 58.5 | O23: =_xlfn.REGEXREPLACE(F23,"[^0-9.]","")+0 -> 229 | Q23: 85 | R23: 58.5 | S23: 229
A24: 2020 | B24: Fanatic | C24: Freewave | D24: 95 | E24: 61 | F24: 230 | G24: Biax Fibre / Full PVC Sandwich LF | H24: Power Box, 2 × Slot Box | I24: CF G10 28 cm | J24: Up to 6.2 m2 | M24: =_xlfn.REGEXREPLACE(D24,"[^0-9.]","")+0 -> 95 | N24: =_xlfn.REGEXREPLACE(E24,"[^0-9.]","")+0 -> 61 | O24: =_xlfn.REGEXREPLACE(F24,"[^0-9.]","")+0 -> 230 | Q24: 95 | R24: 61 | S24: 230
A25: 2020 | B25: Fanatic | C25: Freewave | D25: 105 | E25: 63 | F25: 231 | G25: Biax Fibre / Full PVC Sandwich LF | H25: Power Box, 2 × Slot Box | I25: CF G10 30 cm | J25: Up to 6.8 m2 | M25: =_xlfn.REGEXREPLACE(D25,"[^0-9.]","")+0 -> 105 | N25: =_xlfn.REGEXREPLACE(E25,"[^0-9.]","")+0 -> 63 | O25: =_xlfn.REGEXREPLACE(F25,"[^0-9.]","")+0 -> 231 | Q25: 105 | R25: 63 | S25: 231
A26: 2020 | B26: Fanatic | C26: Skate TE | D26: 85 | E26: 60 | F26: 225 | G26: Biax Innegra Carbon LF | H26: Power Box | I26: CF Composite Innegra Carbon 17.5 cm | J26: Up to 5.3 m2 | M26: =_xlfn.REGEXREPLACE(D26,"[^0-9.]","")+0 -> 85 | N26: =_xlfn.REGEXREPLACE(E26,"[^0-9.]","")+0 -> 60 | O26: =_xlfn.REGEXREPLACE(F26,"[^0-9.]","")+0 -> 225 | Q26: 85 | R26: 60 | S26: 225
A27: 2020 | B27: Fanatic | C27: Skate TE | D27: 92 | E27: 62 | F27: 220 | G27: Biax Innegra Carbon LF | H27: Power Box | I27: CF Composite Innegra Carbon 18.5 cm | J27: Up to 5.9 m2 | M27: =_xlfn.REGEXREPLACE(D27,"[^0-9.]","")+0 -> 92 | N27: =_xlfn.REGEXREPLACE(E27,"[^0-9.]","")+0 -> 62 | O27: =_xlfn.REGEXREPLACE(F27,"[^0-9.]","")+0 -> 220 | Q27: 92 | R27: 62 | S27: 220
A28: 2020 | B28: Fanatic | C28: Skate TE | D28: 99 | E28: 65 | F28: 225 | G28: Biax Innegra Carbon LF | H28: Power Box | I28: CF Composite Innegra Carbon 20 cm | J28: Up to 6.2 m2 | M28: =_xlfn.REGEXREPLACE(D28,"[^0-9.]","")+0 -> 99 | N28: =_xlfn.REGEXREPLACE(E28,"[^0-9.]","")+0 -> 65 | O28: =_xlfn.REGEXREPLACE(F28,"[^0-9.]","")+0 -> 225 | Q28: 99 | R28: 65 | S28: 225
... A31: 2020 | B31: Fanatic | C31: Blast LTD | D31: 115 | E31: 66 | F31: 232 | G31: Biax Fibre / Full PVC Sandwich LF | H31: Foil Tuttle Box | I31: CF Composite Black 38 cm | J31: Up to 8.4 m2 | M31: =_xlfn.REGEXREPLACE(D31,"[^0-9.]","")+0 -> 115 | N31: =_xlfn.REGEXREPLACE(E31,"[^0-9.]","")+0 -> 66 | O31: =_xlfn.REGEXREPLACE(F31,"[^0-9.]","")+0 -> 232 | Q31: 115 | R31: 66 | S31: 232
A32: 2020 | B32: Fanatic | C32: Blast LTD | D32: 130 | E32: 70 | F32: 233 | G32: Biax Fibre / Full PVC Sandwich LF | I32: CF Composite Black 42 cm | J32: Up to 9.0 m2 | M32: =_xlfn.REGEXREPLACE(D32,"[^0-9.]","")+0 -> 130 | N32: =_xlfn.REGEXREPLACE(E32,"[^0-9.]","")+0 -> 70 | O32: =_xlfn.REGEXREPLACE(F32,"[^0-9.]","")+0 -> 233 | Q32: 130 | R32: 70 | S32: 233
A33: 2020 | B33: Fanatic | C33: Blast LTD | D33: 145 | E33: 77 | F33: 235 | G33: Biax Fibre / Full PVC Sandwich LF | I33: CF Composite Black 44 cm | J33: Up to 10.0 m2 | M33: =_xlfn.REGEXREPLACE(D33,"[^0-9.]","")+0 -> 145 | N33: =_xlfn.REGEXREPLACE(E33,"[^0-9.]","")+0 -> 77 | O33: =_xlfn.REGEXREPLACE(F33,"[^0-9.]","")+0 -> 235 | Q33: 145 | R33: 77 | S33: 235
A34: 2020 | B34: Fanatic | C34: Blast HRS | D34: 100 | E34: 62 | F34: 231 | G34: High Resistance Skin | H34: Foil Tuttle Box | I34: CF Composite White 34 cm | J34: Up to 7.8 m2 | M34: =_xlfn.REGEXREPLACE(D34,"[^0-9.]","")+0 -> 100 | N34: =_xlfn.REGEXREPLACE(E34,"[^0-9.]","")+0 -> 62 | O34: =_xlfn.REGEXREPLACE(F34,"[^0-9.]","")+0 -> 231 | Q34: 100 | R34: 62 | S34: 231
A35: 2020 | B35: Fanatic | C35: Blast HRS | D35: 115 | E35: 66 | F35: 232 | G35: High Resistance Skin | H35: Foil Tuttle Box | I35: CF Composite White 38 cm | J35: Up to 8.4 m2 | M35: =_xlfn.REGEXREPLACE(D35,"[^0-9.]","")+0 -> 115 | N35: =_xlfn.REGEXREPLACE(E35,"[^0-9.]","")+0 -> 66 | O35: =_xlfn.REGEXREPLACE(F35,"[^0-9.]","")+0 -> 232 | Q35: 115 | R35: 66 | S35: 232
A36: 2020 | B36: Fanatic | C36: Blast HRS | D36: 130 | E36: 70 | F36: 233 | G36: High Resistance Skin | H36: Foil Tuttle Box | I36: CF Composite White 42 cm | J36: Up to 9.0 m2 | M36: =_xlfn.REGEXREPLACE(D36,"[^0-9.]","")+0 -> 130 | N36: =_xlfn.REGEXREPLACE(E36,"[^0-9.]","")+0 -> 70 | O36: =_xlfn.REGEXREPLACE(F36,"[^0-9.]","")+0 -> 233 | Q36: 130 | R36: 70 | S36: 233
A37: 2020 | B37: Fanatic | C37: Blast HRS | D37: 145 | E37: 77 | F37: 235 | G37: High Resistance Skin | H37: Foil Tuttle Box | I37: CF Composite White 44 cm | J37: Up to 10.0 m2 | M37: =_xlfn.REGEXREPLACE(D37,"[^0-9.]","")+0 -> 145 | N37: =_xlfn.REGEXREPLACE(E37,"[^0-9.]","")+0 -> 77 | O37: =_xlfn.REGEXREPLACE(F37,"[^0-9.]","")+0 -> 235 | Q37: 145 | R37: 77 | S37: 235
A38: 2020 | B38: Fanatic | C38: Gecko LTD | D38: 100 | E38: 66 | F38: 239 | G38: Biax Fibre / Full PVC Sandwich LF | H38: Power Box | I38: CF Composite Black 36 cm | J38: Up to 8.0 m2 | M38: =_xlfn.REGEXREPLACE(D38,"[^0-9.]","")+0 -> 100 | N38: =_xlfn.REGEXREPLACE(E38,"[^0-9.]","")+0 -> 66 | O38: =_xlfn.REGEXREPLACE(F38,"[^0-9.]","")+0 -> 239 | Q38: 100 | R38: 66 | S38: 239
A39: 2020 | B39: Fanatic | C39: Gecko LTD | D39: 110 | E39: 72 | F39: 239 | G39: Biax Fibre / Full PVC Sandwich LF | H39: Power Box | I39: CF Composite Black 38 cm | J39: Up to 8.5 m2 | M39: =_xlfn.REGEXREPLACE(D39,"[^0-9.]","")+0 -> 110 | N39: =_xlfn.REGEXREPLACE(E39,"[^0-9.]","")+0 -> 72 | O39: =_xlfn.REGEXREPLACE(F39,"[^0-9.]","")+0 -> 239 | Q39: 110 | R39: 72 | S39: 239
A40: 2020 | B40: Fanatic | C40: Gecko LTD | D40: 122 | E40: 77 | F40: 242 | G40: Biax Fibre / Full PVC Sandwich LF | H40: Power Box | I40: CF Composite Black 40 cm | J40: Up to 9.0 m2 | M40: =_xlfn.REGEXREPLACE(D40,"[^0-9.]","")+0 -> 122 | N40: =_xlfn.REGEXREPLACE(E40,"[^0-9.]","")+0 -> 77 | O40: =_xlfn.REGEXREPLACE(F40,"[^0-9.]","")+0 -> 242 | Q40: 122 | R40: 77 | S40: 242
A41: 2020 | B41: Fanatic | C41: Gecko LTD | D41: 135 | E41: 79 | F41: 246 | G41: Biax Fibre / Full PVC Sandwich LF | H41: Power Box | I41: CF Composite Black 42 cm | J41: Up to 9.5 m2 | M41: =_xlfn.REGEXREPLACE(D41,"[^0-9.]","")+0 -> 135 | N41: =_xlfn.REGEXREPLACE(E41,"[^0-9.]","")+0 -> 79 | O41: =_xlfn.REGEXREPLACE(F41,"[^0-9.]","")+0 -> 246 | Q41: 135 | R41: 79 | S41: 246
A42: 2020 | B42: Fanatic | C42: Gecko LTD | D42: 148 | E42: 83 | F42: 250 | G42: Biax Fibre / Full PVC Sandwich LF | H42: Power Box | I42: CF Composite Black 46 cm | J42: Up to 10 m2 | M42: =_xlfn.REGEXREPLACE(D42,"[^0-9.]","")+0 -> 148 | N42: =_xlfn.REGEXREPLACE(E42,"[^0-9.]","")+0 -> 83 | O42: =_xlfn.REGEXREPLACE(F42,"[^0-9.]","")+0 -> 250 | Q42: 148 | R42: 83 | S42: 250
A43: 2020 | B43: Fanatic | C43: Gecko Eco | D43: 110 | E43: 72 | F43: 239 | G43: Cork Flax /Wood Composite LF | H43: Power Box | I43: CF Composite Black 38 cm | J43: Up to 8.5 m2 | M43: =_xlfn.REGEXREPLACE(D43,"[^0-9.]","")+0 -> 110 | N43: =_xlfn.REGEXREPLACE(E43,"[^0-9.]","")+0 -> 72 | O43: =_xlfn.REGEXREPLACE(F43,"[^0-9.]","")+0 -> 239 | Q43: 110 | R43: 72 | S43: 239
A44: 2020 | B44: Fanatic | C44: Gecko Eco | D44: 122 | E44: 77 | F44: 242 | G44: Cork Flax /Wood Composite LF | H44: Power Box | I44: CF Composite Black 40 cm | J44: Up to 9.0 m2 | M44: =_xlfn.REGEXREPLACE(D44,"[^0-9.]","")+0 -> 122 | N44: =_xlfn.REGEXREPLACE(E44,"[^0-9.]","")+0 -> 77 | O44: =_xlfn.REGEXREPLACE(F44,"[^0-9.]","")+0 -> 242 | Q44: 122 | R44: 77 | S44: 242
A45: 2020 | B45: Fanatic | C45: Gecko Eco | D45: 135 | E45: 79 | F45: 246 | G45: Cork Flax /Wood Composite LF | H45: Power Box | I45: CF Composite Black 42 cm | J45: Up to 9.5 m2 | M45: =_xlfn.REGEXREPLACE(D45,"[^0-9.]","")+0 -> 135 | N45: =_xlfn.REGEXREPLACE(E45,"[^0-9.]","")+0 -> 79 | O45: =_xlfn.REGEXREPLACE(F45,"[^0-9.]","")+0 -> 246 | Q45: 135 | R45: 79 | S45: 246
... A84: 2020 | B84: Fanatic | C84: Tandem Air Premium | D84: 505 | E84: 86.4 | F84: 487.6 | G84: Double Layer Heavy Duty | H84: 2 × US Box 10 cm | I84: 1 × 19.5 cm, 1 × 24 cm | J84: — | M84: =_xlfn.REGEXREPLACE(D84,"[^0-9.]","")+0 -> 505 | N84: =_xlfn.REGEXREPLACE(E84,"[^0-9.]","")+0 -> 86.4 | O84: =_xlfn.REGEXREPLACE(F84,"[^0-9.]","")+0 -> 487.6 | Q84: 505 | R84: 86.4 | S84: 487.6
